predict_detail.php?STARNAME=WASP-15&PLANET=b&delka=38.8526&sirka=-77.3044,WASP-15,Cen,14:11,35°,E,2456802.0916,24.05. 16:03,41°,NE,2456802.1690,17:54,44°,N,2456802.2464,222.9,11,0.0108,54584.69823+3.7520656*E,13 55 42.71,-32 09 34.6
predict_detail.php?STARNAME=OGLE-TR-113&PLANET=b&delka=38.8526&sirka=-77.3044,OGLE-TR-113,Car,17:54,71°,NW,2456802.2459,24.05. 18:50,69°,NW,2456802.2848,19:46,66°,W,2456802.3237,112,14.42,0.0245,52325.79823+1.4324757*E,10 52 24,-61 26 48
predict_detail.php?STARNAME=WASP-100&PLANET=b&delka=38.8526&sirka=-77.3044,WASP-100,Ret,17:50,56°,SW,2456802.2432,24.05. 19:45,53°,S,2456802.3232,21:40,52°,S,2456802.4032,230.4,10.8,0.0082,56272.3395+2.849375*E,04 35 50.32,-64 01 37.3
predict_detail.php?STARNAME=WASP-41&PLANET=b&delka=38.8526&sirka=-77.3044,WASP-41,Cen,22:52,32°,W,2456802.4528,25.05. 0:09,28°,W,2456802.5063,1:26,24°,SW,2456802.5598,154.08,11.6,0.0215,55343.462+3.052394*E,12 42 28.49,-30 38 22.8
predict_detail.php?STARNAME=OGLE-TR-111&PLANET=b&delka=38.8526&sirka=-77.3044,OGLE-TR-111,Car,0:02,53°,SW,2456802.5015,25.05. 1:24,51°,SW,2456802.5586,2:46,49°,S,2456802.6158,164.6,15.55,0.0173,53799.7516+4.0144479*E,10 53 17.91,-61 24 20.3
predict_detail.php?STARNAME=WASP-67&PLANET=b&delka=38.8526&sirka=-77.3044,WASP-67,Sgr,2:12,31°,N,2456802.5917,25.05. 3:08,29°,NW,2456802.6312,4:05,27°,NW,2456802.6707,113.76,12.5,0.0195,55824.3742+4.61442*E,19 42 58.51,-19 56 58.4
predict_detail.php?STARNAME=WASP-19&PLANET=b&delka=38.8526&sirka=-77.3044,WASP-19,Vel,2:58,32°,S,2456802.6237,25.05. 3:44,32°,S,2456802.6557,4:30,33°,S,2456802.6878,92.4,12.3,0.0215,54775.3372+0.7888399*E,09 53 40.077,-45 39 33.06
predict_detail.php?STARNAME=WASP-46&PLANET=b&delka=38.8526&sirka=-77.3044,WASP-46,Ind,3:00,67°,N,2456802.6255,25.05. 3:50,66°,NW,2456802.6604,4:41,64°,NW,2456802.6952,100.4,12.9,0.0204,55392.31553+1.43037*E,21 14 56.86,-55 52 18.1
predict_detail.php?STARNAME=WASP-96&PLANET=b&delka=38.8526&sirka=-77.3044,WASP-96,Gru,4:42,60°,N,2456802.6962,25.05. 5:55,60°,N,2456802.7467,7:08,58°,NW,2456802.7973,145.58,12.2,0.0149,56258.0621+3.4252602*E + 2.7e-06*E,00 04 11.14,-47 21 38.2
predict_detail.php?STARNAME=OGLE-TR-56&PLANET=b&delka=38.8526&sirka=-77.3044,OGLE-TR-56,Sgr,5:24,27°,W,2456802.7252,25.05. 6:18,25°,SW,2456802.7628,7:12,22°,SW,2456802.8004,108.2,16.6,0.0171,53936.598+1.211909*E,17 56 35.51,-29 32 21.2
predict_detail.php?STARNAME=WASP-29&PLANET=b&delka=38.8526&sirka=-77.3044,WASP-29,Phe,11:23,36°,W,2456802.9745,25.05. 12:41,32°,SW,2456803.0290,14:00,29°,SW,2456803.0835,157,11.3,0.0108,54249.3305+3.922732*E,23 51 31.08,-39 54 24.2
predict_detail.php?STARNAME=LUPUS-TR3&PLANET=b&delka=38.8526&sirka=-77.3044,LUPUS-TR3,Lup,11:55,32°,SE,2456802.9970,25.05. 13:10,36°,SE,2456803.0491,14:25,40°,E,2456803.1011,150,17,0.0148,53887.0818+3.91405*E,15 30 18.7,-42 58 41.5
predict_detail.php?STARNAME=WASP-19&PLANET=b&delka=38.8526&sirka=-77.3044,WASP-19,Vel,21:53,41°,SW,2456803.4125,25.05. 22:40,39°,SW,2456803.4446,23:26,37°,SW,2456803.4767,92.4,12.3,0.0215,54775.3372+0.7888399*E,09 53 40.077,-45 39 33.06
predict_detail.php?STARNAME=WASP-66&PLANET=b&delka=38.8526&sirka=-77.3044,WASP-66,Ant,22:01,31°,W,2456803.4175,26.05. 0:16,25°,SW,2456803.5113,2:31,21°,S,2456803.6051,270.14,11.6,0.0072,55929.09615+4.086052*E,10 32 54.00,-34 59 23.3
predict_detail.php?STARNAME=WASP-25&PLANET=b&delka=38.8526&sirka=-77.3044,WASP-25,Hya,23:01,30°,W,2456803.4591,26.05. 0:25,26°,W,2456803.5176,1:49,21°,SW,2456803.5761,168.5,11.88,0.0204,55259.93733+3.76483*E,13 01 26.46,-27 31 18.9
predict_detail.php?STARNAME=WASP-5&PLANET=b&delka=38.8526&sirka=-77.3044,WASP-5,Phe,1:27,48°,NE,2456803.5611,26.05. 2:38,51°,NE,2456803.6104,3:50,53°,NE,2456803.6598,142.128,12.3,0.0137,54373.99598+1.6284279*E,23 57 23.74,-41 16 37.5
predict_detail.php?STARNAME=OGLE-TR-113&PLANET=b&delka=38.8526&sirka=-77.3044,OGLE-TR-113,Car,4:16,48°,S,2456803.6784,26.05. 5:12,49°,S,2456803.7173,6:08,50°,SE,2456803.7562,112,14.42,0.0245,52325.79823+1.4324757*E,10 52 24,-61 26 48
predict_detail.php?STARNAME=OGLE-TR-211&PLANET=b&delka=38.8526&sirka=-77.3044,OGLE-TR-211,Car,10:14,61°,E,2456803.9267,26.05. 12:05,67°,E,2456804.0038,13:56,72°,NE,2456804.0809,222,14.3,0.0084,53406.271+3.6772*E,10 40 14.51,-62 27 19.8
predict_detail.php?STARNAME=WASP-46&PLANET=b&delka=38.8526&sirka=-77.3044,WASP-46,Ind,13:20,42°,S,2456804.0559,26.05. 14:10,42°,S,2456804.0907,15:00,42°,S,2456804.1256,100.4,12.9,0.0204,55392.31553+1.43037*E,21 14 56.86,-55 52 18.1
predict_detail.php?STARNAME=WASP-23&PLANET=b&delka=38.8526&sirka=-77.3044,WASP-23,Pup,13:32,53°,NW,2456804.0642,26.05. 14:44,50°,NW,2456804.1141,15:56,47°,W,2456804.1640,143.7,12.68,0.0215,55320.12363+2.9444256*E,06 44 30.50,-42 45 41.2
predict_detail.php?STARNAME=WASP-4&PLANET=b&delka=38.8526&sirka=-77.3044,WASP-4,Phe,15:06,31°,S,2456804.1298,26.05. 16:11,30°,S,2456804.1750,17:16,30°,S,2456804.2201,129.96,12.5,0.0194,54697.797562+1.33823214*E,23 34 15.06,-42 03 41.1
predict_detail.php?STARNAME=WASP-17&PLANET=b&delka=38.8526&sirka=-77.3044,WASP-17,Sco,14:02,28°,E,2456804.0850,26.05. 16:13,35°,NE,2456804.1762,18:25,40°,NE,2456804.2675,262.8,11.6,0.0194,54559.181+3.735433*E,15  59  50.88,-28 03 41.4
predict_detail.php?STARNAME=WASP-7&PLANET=b&delka=38.8526&sirka=-77.3044,WASP-7,Mic,15:24,28°,S,2456804.1421,26.05. 17:11,31°,SE,2456804.2164,18:58,36°,E,2456804.2907,214,9.5,0.0108,53985.0149+4.95466*E,20 44 10.13,-39 13 29.7
predict_detail.php?STARNAME=WASP-61&PLANET=b&delka=38.8526&sirka=-77.3044,WASP-61,Lep,15:23,28°,W,2456804.1416,26.05. 17:22,22°,SW,2456804.2237,19:20,17°,SW,2456804.3059,236.45,12.5,0.0153,55859.52825+3.8559*E,05 01 11.91,-26 03 14.9
predict_detail.php?STARNAME=WASP-19&PLANET=b&delka=38.8526&sirka=-77.3044,WASP-19,Vel,16:49,56°,NW,2456804.2013,26.05. 17:36,54°,NW,2456804.2334,18:22,52°,NW,2456804.2655,92.4,12.3,0.0215,54775.3372+0.7888399*E,09 53 40.077,-45 39 33.06
predict_detail.php?STARNAME=WASP-45&PLANET=b&delka=38.8526&sirka=-77.3044,WASP-45,Scl,16:56,22°,S,2456804.2062,26.05. 17:50,22°,S,2456804.2434,18:44,22°,S,2456804.2807,107.4,12,0.0119,55441.26925+3.1260876*E,00 20 56.99,-35 59 53.8
predict_detail.php?STARNAME=OGLE-TR-L9&PLANET=b&delka=38.8526&sirka=-77.3044,OGLE-TR-L9,Car,19:05,69°,NW,2456804.2955,26.05. 20:19,65°,W,2456804.3469,21:33,61°,W,2456804.3982,148,14,0.0119,54492.80008+2.48553417*E,11 07 55.29,-61 08 46.3
predict_detail.php?STARNAME=WASP-98&PLANET=b&delka=38.8526&sirka=-77.3044,WASP-98,Eri,21:52,22°,S,2456804.4113,26.05. 22:49,23°,SE,2456804.4511,23:46,24°,SE,2456804.4908,114.48,13,0.0276,56333.3913+2.96264*E,03 53 42.9,-34 19 41.7
predict_detail.php?STARNAME=OGLE-TR-132&PLANET=b&delka=38.8526&sirka=-77.3044,OGLE-TR-132,Car,23:37,53°,SW,2456804.4845,27.05. 0:50,51°,SW,2456804.5352,2:03,49°,S,2456804.5859,146,15.72,0.0087,53142.5912+1.689868*E,10 50 34.72,-61 57 25.9
predict_detail.php?STARNAME=WASP-6&PLANET=b&delka=38.8526&sirka=-77.3044,WASP-6,Aqr,1:25,31°,NE,2456804.5593,27.05. 2:43,33°,NE,2456804.6136,4:01,34°,N,2456804.6679,156.4,11.9,0.0236,54596.43267+3.361006*E,23 12 37.75,-22 40 26.1
predict_detail.php?STARNAME=WASP-78&PLANET=b&delka=38.8526&sirka=-77.3044,WASP-78,Eri,0:51,14°,SE,2456804.5359,27.05. 3:12,21°,E,2456804.6335,5:32,29°,NE,2456804.7312,281.32,12,0.0068,55882.35878+2.17517632*E,04 15 01.50,-22 06 59.0
predict_detail.php?STARNAME=WASP-64&PLANET=b&delka=38.8526&sirka=-77.3044,WASP-64,CMa,11:59,44°,N,2456804.9994,27.05. 13:11,43°,NW,2456805.0494,14:23,41°,NW,2456805.0994,143.99,12.29,0.0164,55582.60169+1.5732918*E,06 44 27.61,-32 51 30.25
predict_detail.php?STARNAME=WASP-97&PLANET=b&delka=38.8526&sirka=-77.3044,WASP-97,Tuc,12:16,54°,W,2456805.0116,27.05. 13:34,50°,SW,2456805.0653,14:51,47°,SW,2456805.1191,154.94,10.6,0.0128,56438.18683+2.07276*E,01 38 25.04,-55 46 19.4
predict_detail.php?STARNAME=WASP-72&PLANET=b&delka=38.8526&sirka=-77.3044,WASP-72,For,11:59,35°,W,2456804.9999,27.05. 13:52,29°,W,2456805.0778,15:44,23°,SW,2456805.1557,224.35,10.88,0.0047,55583.6529+2.2167421*E,02 44 09.60,-30 10 08.5
predict_detail.php?STARNAME=WASP-79&PLANET=b&delka=38.8526&sirka=-77.3044,WASP-79,Eri,12:22,39°,NW,2456805.0159,27.05. 14:15,33°,W,2456805.0941,16:08,27°,W,2456805.1722,225.07,10.1,0.0124,55545.23479+3.6623817*E,04 25 29.01,-30 26 01.5
predict_detail.php?STARNAME=OGLE-TR-113&PLANET=b&delka=38.8526&sirka=-77.3044,OGLE-TR-113,Car,14:39,73°,NE,2456805.1109,27.05. 15:35,74°,N,2456805.1497,16:31,73°,N,2456805.1886,112,14.42,0.0245,52325.79823+1.4324757*E,10 52 24,-61 26 48
predict_detail.php?STARNAME=WASP-100&PLANET=b&delka=38.8526&sirka=-77.3044,WASP-100,Ret,14:13,66°,W,2456805.0926,27.05. 16:08,60°,SW,2456805.1726,18:03,55°,SW,2456805.2526,230.4,10.8,0.0082,56272.3395+2.849375*E,04 35 50.32,-64 01 37.3
predict_detail.php?STARNAME=OGLE-TR-56&PLANET=b&delka=38.8526&sirka=-77.3044,OGLE-TR-56,Sgr,15:34,24°,SE,2456805.1490,27.05. 16:28,27°,E,2456805.1866,17:22,30°,E,2456805.2242,108.2,16.6,0.0171,53936.598+1.211909*E,17 56 35.51,-29 32 21.2
predict_detail.php?STARNAME=WASP-55&PLANET=b&delka=38.8526&sirka=-77.3044,WASP-55,Vir,15:39,26°,NE,2456805.1524,27.05. 17:25,29°,N,2456805.2259,19:11,30°,N,2456805.2994,211.68,11.8,0.0170,55737.9396+4.465633*E,13 35 01.94,-17 30 12.7
predict_detail.php?STARNAME=WASP-5&PLANET=b&delka=38.8526&sirka=-77.3044,WASP-5,Phe,16:32,29°,S,2456805.1895,27.05. 17:43,29°,S,2456805.2388,18:54,30°,SE,2456805.2882,142.128,12.3,0.0137,54373.99598+1.6284279*E,23 57 23.74,-41 16 37.5
predict_detail.php?STARNAME=OGLE-TR-182&PLANET=b&delka=38.8526&sirka=-77.3044,OGLE-TR-182,Car,16:12,74°,N,2456805.1754,27.05. 18:12,71°,NW,2456805.2587,20:12,65°,W,2456805.3420,240,15.86,0.0121,54270.572+3.9791*E,11 09 18.84,-61 05 42.8
predict_detail.php?STARNAME=WASP-4&PLANET=b&delka=38.8526&sirka=-77.3044,WASP-4,Phe,23:14,43°,E,2456805.4681,28.05. 0:18,47°,E,2456805.5132,1:23,50°,NE,2456805.5583,129.96,12.5,0.0194,54697.797562+1.33823214*E,23 34 15.06,-42 03 41.1
predict_detail.php?STARNAME=WASP-46&PLANET=b&delka=38.8526&sirka=-77.3044,WASP-46,Ind,23:40,64°,NE,2456805.4862,28.05. 0:30,65°,NE,2456805.5211,1:20,67°,N,2456805.5560,100.4,12.9,0.0204,55392.31553+1.43037*E,21 14 56.86,-55 52 18.1
predict_detail.php?STARNAME=WASP-41&PLANET=b&delka=38.8526&sirka=-77.3044,WASP-41,Cen,0:07,28°,W,2456805.5052,28.05. 1:24,24°,SW,2456805.5587,2:41,21°,SW,2456805.6122,154.08,11.6,0.0215,55343.462+3.052394*E,12 42 28.49,-30 38 22.8
predict_detail.php?STARNAME=WASP-18&PLANET=b&delka=38.8526&sirka=-77.3044,WASP-18,Phe,5:24,57°,NE,2456805.7254,28.05. 6:28,57°,N,2456805.7701,7:33,57°,N,2456805.8147,128.6,9.29,0.0108,54221.48163+0.94145299*E,01 37 24.95,-45 40 40.8
predict_detail.php?STARNAME=WASP-63&PLANET=b&delka=38.8526&sirka=-77.3044,WASP-63,Col,9:58,50°,NE,2456805.9156,28.05. 12:38,50°,NW,2456806.0269,15:18,43°,W,2456806.1381,320.4,11.2,0.0066,55921.6527+4.37809*E,06 17 20.74,-38 19 23.8
predict_detail.php?STARNAME=WASP-96&PLANET=b&delka=38.8526&sirka=-77.3044,WASP-96,Gru,14:56,36°,SW,2456806.1223,28.05. 16:08,35°,S,2456806.1729,17:21,34°,S,2456806.2234,145.58,12.2,0.0149,56258.0621+3.4252602*E + 2.7e-06*E,00 04 11.14,-47 21 38.2
predict_detail.php?STARNAME=OGLE-TR-132&PLANET=b&delka=38.8526&sirka=-77.3044,OGLE-TR-132,Car,16:11,73°,N,2456806.1743,28.05. 17:24,71°,NW,2456806.2250,18:37,68°,NW,2456806.2757,146,15.72,0.0087,53142.5912+1.689868*E,10 50 34.72,-61 57 25.9
predict_detail.php?STARNAME=WASP-34&PLANET=b&delka=38.8526&sirka=-77.3044,WASP-34,Crt,20:22,27°,W,2456806.3489,28.05. 21:25,24°,W,2456806.3927,22:28,20°,W,2456806.4365,126.14,10.4,0.0119,54647.55358+4.3176782*E,11 01 35.89,-23 51 38.4
predict_detail.php?STARNAME=OGLE-TR-56&PLANET=b&delka=38.8526&sirka=-77.3044,OGLE-TR-56,Sgr,20:39,39°,NE,2456806.3609,28.05. 21:33,41°,NE,2456806.3985,22:27,42°,N,2456806.4361,108.2,16.6,0.0171,53936.598+1.211909*E,17 56 35.51,-29 32 21.2
predict_detail.php?STARNAME=OGLE-TR-111&PLANET=b&delka=38.8526&sirka=-77.3044,OGLE-TR-111,Car,0:22,52°,SW,2456806.5159,29.05. 1:45,50°,SW,2456806.5731,3:07,49°,S,2456806.6302,164.6,15.55,0.0173,53799.7516+4.0144479*E,10 53 17.91,-61 24 20.3
predict_detail.php?STARNAME=OGLE-TR-113&PLANET=b&delka=38.8526&sirka=-77.3044,OGLE-TR-113,Car,1:02,51°,SW,2456806.5433,29.05. 1:58,49°,S,2456806.5822,2:54,49°,S,2456806.6211,112,14.42,0.0245,52325.79823+1.4324757*E,10 52 24,-61 26 48
predict_detail.php?STARNAME=WASP-47&PLANET=b&delka=38.8526&sirka=-77.3044,WASP-47,Aqr,0:27,22°,NE,2456806.5189,29.05. 2:14,25°,N,2456806.5936,4:02,25°,N,2456806.6683,215.04,11.9,0.0114,55764.34602+4.591399*E,22 04 48.72,-12 01 07.8
predict_detail.php?STARNAME=WASP-19&PLANET=b&delka=38.8526&sirka=-77.3044,WASP-19,Vel,1:37,33°,S,2456806.5679,29.05. 2:23,32°,S,2456806.5999,3:10,32°,S,2456806.6320,92.4,12.3,0.0215,54775.3372+0.7888399*E,09 53 40.077,-45 39 33.06
predict_detail.php?STARNAME=WASP-64&PLANET=b&delka=38.8526&sirka=-77.3044,WASP-64,CMa,1:44,21°,SE,2456806.5727,29.05. 2:56,23°,SE,2456806.6227,4:08,26°,SE,2456806.6727,143.99,12.29,0.0164,55582.60169+1.5732918*E,06 44 27.61,-32 51 30.25
predict_detail.php?STARNAME=WASP-18&PLANET=b&delka=38.8526&sirka=-77.3044,WASP-18,Phe,4:00,54°,NE,2456806.6669,29.05. 5:04,56°,NE,2456806.7115,6:08,57°,N,2456806.7562,128.6,9.29,0.0108,54221.48163+0.94145299*E,01 37 24.95,-45 40 40.8
predict_detail.php?STARNAME=WASP-23&PLANET=b&delka=38.8526&sirka=-77.3044,WASP-23,Pup,12:12,54°,N,2456807.0087,29.05. 13:24,53°,NW,2456807.0586,14:36,50°,NW,2456807.1085,143.7,12.68,0.0215,55320.12363+2.9444256*E,06 44 30.50,-42 45 41.2
predict_detail.php?STARNAME=WASP-31&PLANET=b&delka=38.8526&sirka=-77.3044,WASP-31,Crt,12:49,27°,NE,2456807.0344,29.05. 14:08,30°,NE,2456807.0896,15:28,32°,N,2456807.1448,159,11.7,0.0167,55189.2828+3.405909*E,11 17 45.35,-19 03 17.3
predict_detail.php?STARNAME=WASP-97&PLANET=b&delka=38.8526&sirka=-77.3044,WASP-97,Tuc,14:01,48°,SW,2456807.0843,29.05. 15:18,45°,SW,2456807.1381,16:36,43°,S,2456807.1919,154.94,10.6,0.0128,56438.18683+2.07276*E,01 38 25.04,-55 46 19.4
predict_detail.php?STARNAME=WASP-25&PLANET=b&delka=38.8526&sirka=-77.3044,WASP-25,Hya,17:22,40°,N,2456807.2240,29.05. 18:46,39°,N,2456807.2825,20:10,37°,NW,2456807.3410,168.5,11.88,0.0204,55259.93733+3.76483*E,13 01 26.46,-27 31 18.9
predict_detail.php?STARNAME=WASP-45&PLANET=b&delka=38.8526&sirka=-77.3044,WASP-45,Scl,19:58,25°,SE,2456807.3322,29.05. 20:52,27°,SE,2456807.3695,21:45,29°,SE,2456807.4068,107.4,12,0.0119,55441.26925+3.1260876*E,00 20 56.99,-35 59 53.8
predict_detail.php?STARNAME=WASP-19&PLANET=b&delka=38.8526&sirka=-77.3044,WASP-19,Vel,20:33,44°,W,2456807.3567,29.05. 21:19,42°,W,2456807.3888,22:06,39°,SW,2456807.4209,92.4,12.3,0.0215,54775.3372+0.7888399*E,09 53 40.077,-45 39 33.06
predict_detail.php?STARNAME=WASP-98&PLANET=b&delka=38.8526&sirka=-77.3044,WASP-98,Eri,20:58,21°,S,2456807.3739,29.05. 21:55,22°,S,2456807.4137,22:52,23°,SE,2456807.4534,114.48,13,0.0276,56333.3913+2.96264*E,03 53 42.9,-34 19 41.7
predict_detail.php?STARNAME=WASP-66&PLANET=b&delka=38.8526&sirka=-77.3044,WASP-66,Ant,0:05,25°,SW,2456807.5035,30.05. 2:20,21°,S,2456807.5973,4:35,21°,S,2456807.6911,270.14,11.6,0.0072,55929.09615+4.086052*E,10 32 54.00,-34 59 23.3
predict_detail.php?STARNAME=OGLE-TR-56&PLANET=b&delka=38.8526&sirka=-77.3044,OGLE-TR-56,Sgr,1:44,38°,NW,2456807.5729,30.05. 2:39,35°,NW,2456807.6104,3:33,32°,W,2456807.6480,108.2,16.6,0.0171,53936.598+1.211909*E,17 56 35.51,-29 32 21.2
predict_detail.php?STARNAME=WASP-18&PLANET=b&delka=38.8526&sirka=-77.3044,WASP-18,Phe,2:36,50°,E,2456807.6083,30.05. 3:40,53°,NE,2456807.6530,4:44,56°,NE,2456807.6976,128.6,9.29,0.0108,54221.48163+0.94145299*E,01 37 24.95,-45 40 40.8
predict_detail.php?STARNAME=OGLE-TR-211&PLANET=b&delka=38.8526&sirka=-77.3044,OGLE-TR-211,Car,2:29,50°,S,2456807.6039,30.05. 4:20,50°,S,2456807.6810,6:11,51°,SE,2456807.7581,222,14.3,0.0084,53406.271+3.6772*E,10 40 14.51,-62 27 19.8
predict_detail.php?STARNAME=WASP-22&PLANET=b&delka=38.8526&sirka=-77.3044,WASP-22,Eri,10:41,33°,NW,2456807.9452,30.05. 12:19,29°,NW,2456808.0137,13:58,23°,W,2456808.0822,197.3,12,0.0108,54780.2496+3.53269*E,03 31 16.3,-23 49 10.0
predict_detail.php?STARNAME=OGLE-TR-113&PLANET=b&delka=38.8526&sirka=-77.3044,OGLE-TR-113,Car,11:25,64°,E,2456807.9758,30.05. 12:21,67°,E,2456808.0147,13:17,70°,NE,2456808.0536,112,14.42,0.0245,52325.79823+1.4324757*E,10 52 24,-61 26 48
predict_detail.php?STARNAME=WASP-100&PLANET=b&delka=38.8526&sirka=-77.3044,WASP-100,Ret,10:36,76°,NW,2456807.9420,30.05. 12:31,71°,W,2456808.0220,14:26,65°,W,2456808.1020,230.4,10.8,0.0082,56272.3395+2.849375*E,04 35 50.32,-64 01 37.3
predict_detail.php?STARNAME=WASP-61&PLANET=b&delka=38.8526&sirka=-77.3044,WASP-61,Lep,11:56,37°,NW,2456807.9975,30.05. 13:54,32°,NW,2456808.0797,15:52,26°,W,2456808.1618,236.45,12.5,0.0153,55859.52825+3.8559*E,05 01 11.91,-26 03 14.9
predict_detail.php?STARNAME=WASP-4&PLANET=b&delka=38.8526&sirka=-77.3044,WASP-4,Phe,15:28,30°,S,2456808.1445,30.05. 16:33,30°,S,2456808.1896,17:38,30°,S,2456808.2348,129.96,12.5,0.0194,54697.797562+1.33823214*E,23 34 15.06,-42 03 41.1
predict_detail.php?STARNAME=WASP-64&PLANET=b&delka=38.8526&sirka=-77.3044,WASP-64,CMa,15:30,37°,NW,2456808.1460,30.05. 16:42,34°,W,2456808.1960,17:54,30°,W,2456808.2460,143.99,12.29,0.0164,55582.60169+1.5732918*E,06 44 27.61,-32 51 30.25
predict_detail.php?STARNAME=WASP-62&PLANET=b&delka=38.8526&sirka=-77.3044,WASP-62,Dor,19:03,54°,SW,2456808.2944,30.05. 20:58,51°,S,2456808.3738,22:52,50°,S,2456808.4532,228.67,10.3,0.0133,55855.39195+4.411953*E,05 48 33.59,-63 59 18.3
predict_detail.php?STARNAME=WASP-46&PLANET=b&delka=38.8526&sirka=-77.3044,WASP-46,Ind,20:19,54°,E,2456808.3470,30.05. 21:09,56°,E,2456808.3818,22:00,59°,E,2456808.4167,100.4,12.9,0.0204,55392.31553+1.43037*E,21 14 56.86,-55 52 18.1
predict_detail.php?STARNAME=WASP-5&PLANET=b&delka=38.8526&sirka=-77.3044,WASP-5,Phe,22:42,40°,E,2456808.4463,30.05. 23:53,44°,E,2456808.4957,1:04,47°,NE,2456808.5450,142.128,12.3,0.0137,54373.99598+1.6284279*E,23 57 23.74,-41 16 37.5
predict_detail.php?STARNAME=WASP-18&PLANET=b&delka=38.8526&sirka=-77.3044,WASP-18,Phe,1:11,46°,E,2456808.5498,31.05. 2:16,49°,E,2456808.5944,3:20,53°,NE,2456808.6391,128.6,9.29,0.0108,54221.48163+0.94145299*E,01 37 24.95,-45 40 40.8
predict_detail.php?STARNAME=WASP-44&PLANET=b&delka=38.8526&sirka=-77.3044,WASP-44,Cet,3:01,21°,NE,2456808.6260,31.05. 4:08,23°,N,2456808.6728,5:16,23°,N,2456808.7196,134.8,12.9,0.0183,55434.376+2.4238039*E,00 15 36.76,-11 56 17.4
predict_detail.php?STARNAME=WASP-75&PLANET=b&delka=38.8526&sirka=-77.3044,WASP-75,Aqr,4:24,22°,N,2456808.6834,31.05. 5:23,21°,NW,2456808.7245,6:22,19°,NW,2456808.7656,118.37,11.45,0.0116,56016.2669+2.484193*E,22 49 32.57,-10 40 32.0 
predict_detail.php?STARNAME=WASP-79&PLANET=b&delka=38.8526&sirka=-77.3044,WASP-79,Eri,4:16,33°,E,2456808.6783,31.05. 6:09,38°,NE,2456808.7565,8:01,42°,N,2456808.8346,225.07,10.1,0.0124,55545.23479+3.6623817*E,04 25 29.01,-30 26 01.5
predict_detail.php?STARNAME=WASP-8&PLANET=b&delka=38.8526&sirka=-77.3044,WASP-8,Scl,4:01,48°,N,2456808.6674,31.05. 6:13,47°,NW,2456808.7592,8:25,42°,NW,2456808.8510,264.4,9.79,0.0151,54679.33434+8.158716*E,23 59 36.07,-35 01 52.9
predict_detail.php?STARNAME=WASP-78&PLANET=b&delka=38.8526&sirka=-77.3044,WASP-78,Eri,9:16,35°,N,2456808.8862,31.05. 11:36,32°,NW,2456808.9839,13:57,25°,W,2456809.0816,281.32,12,0.0068,55882.35878+2.17517632*E,04 15 01.50,-22 06 59.0
predict_detail.php?STARNAME=WASP-7&PLANET=b&delka=38.8526&sirka=-77.3044,WASP-7,Mic,14:19,27°,S,2456809.0968,31.05. 16:06,29°,SE,2456809.1711,17:53,33°,SE,2456809.2454,214,9.5,0.0108,53985.0149+4.95466*E,20 44 10.13,-39 13 29.7
predict_detail.php?STARNAME=WASP-97&PLANET=b&delka=38.8526&sirka=-77.3044,WASP-97,Tuc,15:46,44°,SW,2456809.1571,31.05. 17:03,43°,S,2456809.2109,18:21,42°,S,2456809.2647,154.94,10.6,0.0128,56438.18683+2.07276*E,01 38 25.04,-55 46 19.4
predict_detail.php?STARNAME=OGLE-TR-182&PLANET=b&delka=38.8526&sirka=-77.3044,OGLE-TR-182,Car,15:42,74°,N,2456809.1545,31.05. 17:42,72°,NW,2456809.2378,19:42,66°,W,2456809.3211,240,15.86,0.0121,54270.572+3.9791*E,11 09 18.84,-61 05 42.8
predict_detail.php?STARNAME=OGLE-TR-L9&PLANET=b&delka=38.8526&sirka=-77.3044,OGLE-TR-L9,Car,18:23,70°,NW,2456809.2665,31.05. 19:37,66°,W,2456809.3179,20:51,62°,W,2456809.3693,148,14,0.0119,54492.80008+2.48553417*E,11 07 55.29,-61 08 46.3
predict_detail.php?STARNAME=HATS-1&PLANET=b&delka=38.8526&sirka=-77.3044,HATS-1,Cra,21:01,27°,W,2456809.3757,31.05. 22:13,23°,W,2456809.4261,23:26,19°,W,2456809.4764,145,12.053,0.0162,55241.28722+3.446459*E,11 42 06.12,-23 21 17.4
predict_detail.php?STARNAME=OGLE-TR-113&PLANET=b&delka=38.8526&sirka=-77.3044,OGLE-TR-113,Car,21:47,58°,SW,2456809.4083,31.05. 22:43,55°,SW,2456809.4472,23:39,53°,SW,2456809.4861,112,14.42,0.0245,52325.79823+1.4324757*E,10 52 24,-61 26 48
predict_detail.php?STARNAME=WASP-72&PLANET=b&delka=38.8526&sirka=-77.3044,WASP-72,For,22:24,21°,SE,2456809.4334,01.06. 0:16,26°,SE,2456809.5113,2:08,32°,E,2456809.5892,224.35,10.88,0.0047,55583.6529+2.2167421*E,02 44 09.60,-30 10 08.5
predict_detail.php?STARNAME=WASP-4&PLANET=b&delka=38.8526&sirka=-77.3044,WASP-4,Phe,23:35,45°,E,2456809.4828,01.06. 0:40,49°,NE,2456809.5279,1:45,52°,NE,2456809.5730,129.96,12.5,0.0194,54697.797562+1.33823214*E,23 34 15.06,-42 03 41.1
predict_detail.php?STARNAME=WASP-18&PLANET=b&delka=38.8526&sirka=-77.3044,WASP-18,Phe,23:47,42°,E,2456809.4912,01.06. 0:51,45°,E,2456809.5359,1:55,48°,E,2456809.5806,128.6,9.29,0.0108,54221.48163+0.94145299*E,01 37 24.95,-45 40 40.8
predict_detail.php?STARNAME=WASP-96&PLANET=b&delka=38.8526&sirka=-77.3044,WASP-96,Gru,1:09,53°,E,2456809.5484,01.06. 2:22,57°,NE,2456809.5990,3:35,59°,NE,2456809.6495,145.58,12.2,0.0149,56258.0621+3.4252602*E + 2.7e-06*E,00 04 11.14,-47 21 38.2
predict_detail.php?STARNAME=OGLE-TR-132&PLANET=b&delka=38.8526&sirka=-77.3044,OGLE-TR-132,Car,1:17,50°,SW,2456809.5541,01.06. 2:30,48°,S,2456809.6048,3:43,48°,S,2456809.6555,146,15.72,0.0087,53142.5912+1.689868*E,10 50 34.72,-61 57 25.9
predict_detail.php?STARNAME=WASP-15&PLANET=b&delka=38.8526&sirka=-77.3044,WASP-15,Cen,2:17,27°,SW,2456809.5957,01.06. 4:09,22°,SW,2456809.6731,6:00,20°,S,2456809.7505,222.9,11,0.0108,54584.69823+3.7520656*E,13 55 42.71,-32 09 34.6
predict_detail.php?STARNAME=WASP-19&PLANET=b&delka=38.8526&sirka=-77.3044,WASP-19,Vel,5:21,35°,SE,2456809.7232,01.06. 6:07,36°,SE,2456809.7553,6:53,38°,SE,2456809.7874,92.4,12.3,0.0215,54775.3372+0.7888399*E,09 53 40.077,-45 39 33.06
predict_detail.php?STARNAME=WASP-64&PLANET=b&delka=38.8526&sirka=-77.3044,WASP-64,CMa,5:15,30°,E,2456809.7193,01.06. 6:27,34°,E,2456809.7693,7:39,38°,NE,2456809.8193,143.99,12.29,0.0164,55582.60169+1.5732918*E,06 44 27.61,-32 51 30.25
predict_detail.php?STARNAME=WASP-23&PLANET=b&delka=38.8526&sirka=-77.3044,WASP-23,Pup,10:52,54°,N,2456809.9531,01.06. 12:04,54°,N,2456810.0030,13:16,53°,NW,2456810.0529,143.7,12.68,0.0215,55320.12363+2.9444256*E,06 44 30.50,-42 45 41.2
predict_detail.php?STARNAME=WASP-101&PLANET=b&delka=38.8526&sirka=-77.3044,WASP-101,CMa,13:36,33°,NW,2456810.0669,01.06. 14:57,30°,NW,2456810.1234,16:18,25°,W,2456810.1799,162.72,10.3,0.0136,56164.6934+3.585722*E,06 33 24.26,-23 29 10.2
predict_detail.php?STARNAME=WASP-5&PLANET=b&delka=38.8526&sirka=-77.3044,WASP-5,Phe,13:47,31°,SW,2456810.0748,01.06. 14:58,30°,S,2456810.1241,16:09,29°,S,2456810.1735,142.128,12.3,0.0137,54373.99598+1.6284279*E,23 57 23.74,-41 16 37.5
predict_detail.php?STARNAME=WASP-98&PLANET=b&delka=38.8526&sirka=-77.3044,WASP-98,Eri,20:04,22°,S,2456810.3366,01.06. 21:01,22°,S,2456810.3763,21:59,22°,S,2456810.4161,114.48,13,0.0276,56333.3913+2.96264*E,03 53 42.9,-34 19 41.7
predict_detail.php?STARNAME=WASP-63&PLANET=b&delka=38.8526&sirka=-77.3044,WASP-63,Col,19:02,31°,SW,2456810.2937,01.06. 21:43,26°,S,2456810.4050,0:23,26°,S,2456810.5162,320.4,11.2,0.0066,55921.6527+4.37809*E,06 17 20.74,-38 19 23.8
predict_detail.php?STARNAME=WASP-18&PLANET=b&delka=38.8526&sirka=-77.3044,WASP-18,Phe,22:23,38°,SE,2456810.4327,01.06. 23:27,41°,SE,2456810.4774,0:31,44°,E,2456810.5220,128.6,9.29,0.0108,54221.48163+0.94145299*E,01 37 24.95,-45 40 40.8
predict_detail.php?STARNAME=WASP-45&PLANET=b&delka=38.8526&sirka=-77.3044,WASP-45,Scl,22:59,33°,E,2456810.4583,01.06. 23:53,36°,E,2456810.4956,0:47,39°,E,2456810.5329,107.4,12,0.0119,55441.26925+3.1260876*E,00 20 56.99,-35 59 53.8
predict_detail.php?STARNAME=WASP-19&PLANET=b&delka=38.8526&sirka=-77.3044,WASP-19,Vel,0:17,34°,SW,2456810.5121,02.06. 1:03,33°,S,2456810.5441,1:49,32°,S,2456810.5762,92.4,12.3,0.0215,54775.3372+0.7888399*E,09 53 40.077,-45 39 33.06
predict_detail.php?STARNAME=OGLE-TR-111&PLANET=b&delka=38.8526&sirka=-77.3044,OGLE-TR-111,Car,0:43,51°,SW,2456810.5304,02.06. 2:06,49°,S,2456810.5875,3:28,48°,S,2456810.6447,164.6,15.55,0.0173,53799.7516+4.0144479*E,10 53 17.91,-61 24 20.3
predict_detail.php?STARNAME=WASP-26&PLANET=b&delka=38.8526&sirka=-77.3044,WASP-26,Cet,3:04,26°,NE,2456810.6281,02.06. 4:15,28°,N,2456810.6771,5:25,28°,N,2456810.7261,141,11.3,0.0108,55123.6379+2.7566*E,00 18 24.7,-15 16 02.3
predict_detail.php?STARNAME=WASP-25&PLANET=b&delka=38.8526&sirka=-77.3044,WASP-25,Hya,11:43,26°,E,2456810.9888,02.06. 13:08,31°,E,2456811.0473,14:32,35°,NE,2456811.1058,168.5,11.88,0.0204,55259.93733+3.76483*E,13 01 26.46,-27 31 18.9
predict_detail.php?STARNAME=WASP-16&PLANET=b&delka=38.8526&sirka=-77.3044,WASP-16,Vir,13:40,22°,E,2456811.0698,02.06. 14:38,25°,E,2456811.1098,15:35,28°,NE,2456811.1498,115.2,11.3,0.0119,54584.42878+3.1186009*E,14 18 43.91,-20 16 31.7
predict_detail.php?STARNAME=WASP-46&PLANET=b&delka=38.8526&sirka=-77.3044,WASP-46,Ind,16:59,45°,SE,2456811.2077,02.06. 17:49,47°,SE,2456811.2426,18:39,49°,SE,2456811.2774,100.4,12.9,0.0204,55392.31553+1.43037*E,21 14 56.86,-55 52 18.1
predict_detail.php?STARNAME=OGLE-TR-56&PLANET=b&delka=38.8526&sirka=-77.3044,OGLE-TR-56,Sgr,17:00,30°,E,2456811.2086,02.06. 17:54,33°,E,2456811.2461,18:48,35°,NE,2456811.2837,108.2,16.6,0.0171,53936.598+1.211909*E,17 56 35.51,-29 32 21.2
predict_detail.php?STARNAME=WASP-97&PLANET=b&delka=38.8526&sirka=-77.3044,WASP-97,Tuc,17:30,42°,S,2456811.2298,02.06. 18:48,42°,S,2456811.2836,20:05,43°,S,2456811.3374,154.94,10.6,0.0128,56438.18683+2.07276*E,01 38 25.04,-55 46 19.4
predict_detail.php?STARNAME=OGLE-TR-132&PLANET=b&delka=38.8526&sirka=-77.3044,OGLE-TR-132,Car,17:51,70°,NW,2456811.2439,02.06. 19:04,66°,W,2456811.2946,20:17,62°,W,2456811.3453,146,15.72,0.0087,53142.5912+1.689868*E,10 50 34.72,-61 57 25.9
predict_detail.php?STARNAME=WASP-19&PLANET=b&delka=38.8526&sirka=-77.3044,WASP-19,Vel,19:13,48°,W,2456811.3009,02.06. 19:59,45°,W,2456811.3330,20:45,43°,W,2456811.3651,92.4,12.3,0.0215,54775.3372+0.7888399*E,09 53 40.077,-45 39 33.06
predict_detail.php?STARNAME=WASP-64&PLANET=b&delka=38.8526&sirka=-77.3044,WASP-64,CMa,19:01,26°,SW,2456811.2926,02.06. 20:13,23°,SW,2456811.3426,21:25,20°,SW,2456811.3926,143.99,12.29,0.0164,55582.60169+1.5732918*E,06 44 27.61,-32 51 30.25
predict_detail.php?STARNAME=OGLE-TR-211&PLANET=b&delka=38.8526&sirka=-77.3044,OGLE-TR-211,Car,18:44,68°,W,2456811.2811,02.06. 20:35,62°,W,2456811.3582,22:26,56°,SW,2456811.4353,222,14.3,0.0084,53406.271+3.6772*E,10 40 14.51,-62 27 19.8
predict_detail.php?STARNAME=WASP-18&PLANET=b&delka=38.8526&sirka=-77.3044,WASP-18,Phe,20:58,35°,SE,2456811.3742,02.06. 22:03,37°,SE,2456811.4188,23:07,40°,SE,2456811.4635,128.6,9.29,0.0108,54221.48163+0.94145299*E,01 37 24.95,-45 40 40.8
predict_detail.php?STARNAME=WASP-17&PLANET=b&delka=38.8526&sirka=-77.3044,WASP-17,Sco,1:20,29°,W,2456811.5558,03.06. 3:31,22°,SW,2456811.6471,5:43,17°,SW,2456811.7383,262.8,11.6,0.0194,54559.181+3.735433*E,15  59  50.88,-28 03 41.4
predict_detail.php?STARNAME=WASP-66&PLANET=b&delka=38.8526&sirka=-77.3044,WASP-66,Ant,2:08,21°,S,2456811.5896,03.06. 4:24,21°,S,2456811.6834,6:39,25°,SE,2456811.7772,270.14,11.6,0.0072,55929.09615+4.086052*E,10 32 54.00,-34 59 23.3
predict_detail.php?STARNAME=WASP-72&PLANET=b&delka=38.8526&sirka=-77.3044,WASP-72,For,3:36,37°,NE,2456811.6501,03.06. 5:28,41°,NE,2456811.7280,7:20,43°,N,2456811.8059,224.35,10.88,0.0047,55583.6529+2.2167421*E,02 44 09.60,-30 10 08.5
predict_detail.php?STARNAME=WASP-99&PLANET=b&delka=38.8526&sirka=-77.3044,WASP-99,Hor,3:05,55°,E,2456811.6289,03.06. 5:43,62°,NE,2456811.7384,8:21,63°,N,2456811.8479,315.36,28.8,0.0044,56224.9824+5.75251*E,02 39 35.44,-50 00 28.8
predict_detail.php?STARNAME=WASP-5&PLANET=b&delka=38.8526&sirka=-77.3044,WASP-5,Phe,4:52,54°,N,2456811.7032,03.06. 6:03,53°,NW,2456811.7525,7:14,50°,NW,2456811.8019,142.128,12.3,0.0137,54373.99598+1.6284279*E,23 57 23.74,-41 16 37.5
predict_detail.php?STARNAME=OGLE-TR-L9&PLANET=b&delka=38.8526&sirka=-77.3044,OGLE-TR-L9,Car,6:02,50°,SE,2456811.7521,03.06. 7:16,52°,SE,2456811.8035,8:30,55°,SE,2456811.8548,148,14,0.0119,54492.80008+2.48553417*E,11 07 55.29,-61 08 46.3
predict_detail.php?STARNAME=WASP-36&PLANET=b&delka=38.8526&sirka=-77.3044,WASP-36,Hya,11:46,20°,NE,2456811.9906,03.06. 12:40,21°,N,2456812.0285,13:35,21°,N,2456812.0663,108.95,12.7,0.0215,55569.83731+1.5373653*E,08 46 19.30,-08 01 36.7
predict_detail.php?STARNAME=HATS-5&PLANET=b&delka=38.8526&sirka=-77.3044,HATS-5,Eri,11:47,30°,NW,2456811.9912,03.06. 13:16,26°,W,2456812.0534,14:46,21°,W,2456812.1156,179.14,12.63,0.0125,56273.79068+4.763387*E,04 28 53.47,-21 28 54.9
predict_detail.php?STARNAME=OGLE-TR-10&PLANET=b&delka=38.8526&sirka=-77.3044,OGLE-TR-10,Sgr,12:53,18°,SE,2456812.0373,03.06. 14:14,21°,SE,2456812.0932,15:34,25°,E,2456812.1490,160.8,14.93,0.0111,53890.678+3.10129*E,17 51 28,-29 52 34
predict_detail.php?STARNAME=WASP-4&PLANET=b&delka=38.8526&sirka=-77.3044,WASP-4,Phe,15:49,30°,S,2456812.1592,03.06. 16:54,30°,S,2456812.2043,17:59,31°,SE,2456812.2495,129.96,12.5,0.0194,54697.797562+1.33823214*E,23 34 15.06,-42 03 41.1
predict_detail.php?STARNAME=OGLE-TR-113&PLANET=b&delka=38.8526&sirka=-77.3044,OGLE-TR-113,Car,18:33,68°,W,2456812.2732,03.06. 19:29,65°,W,2456812.3121,20:25,62°,W,2456812.3510,112,14.42,0.0245,52325.79823+1.4324757*E,10 52 24,-61 26 48
predict_detail.php?STARNAME=WASP-18&PLANET=b&delka=38.8526&sirka=-77.3044,WASP-18,Phe,19:34,33°,S,2456812.3156,03.06. 20:38,34°,SE,2456812.3603,21:43,37°,SE,2456812.4049,128.6,9.29,0.0108,54221.48163+0.94145299*E,01 37 24.95,-45 40 40.8
predict_detail.php?STARNAME=OGLE-TR-56&PLANET=b&delka=38.8526&sirka=-77.3044,OGLE-TR-56,Sgr,22:05,42°,N,2456812.4205,03.06. 22:59,42°,N,2456812.4581,23:53,41°,NW,2456812.4956,108.2,16.6,0.0171,53936.598+1.211909*E,17 56 35.51,-29 32 21.2
predict_detail.php?STARNAME=WASP-46&PLANET=b&delka=38.8526&sirka=-77.3044,WASP-46,Ind,3:18,66°,NW,2456812.6381,04.06. 4:09,64°,NW,2456812.6729,4:59,62°,NW,2456812.7078,100.4,12.9,0.0204,55392.31553+1.43037*E,21 14 56.86,-55 52 18.1
predict_detail.php?STARNAME=WASP-62&PLANET=b&delka=38.8526&sirka=-77.3044,WASP-62,Dor,4:57,62°,E,2456812.7064,04.06. 6:51,68°,E,2456812.7858,8:45,73°,NE,2456812.8652,228.67,10.3,0.0133,55855.39195+4.411953*E,05 48 33.59,-63 59 18.3
predict_detail.php?STARNAME=OGLE-TR-132&PLANET=b&delka=38.8526&sirka=-77.3044,OGLE-TR-132,Car,10:24,61°,E,2456812.9338,04.06. 11:37,65°,E,2456812.9845,12:50,69°,NE,2456813.0352,146,15.72,0.0087,53142.5912+1.689868*E,10 50 34.72,-61 57 25.9
predict_detail.php?STARNAME=WASP-96&PLANET=b&delka=38.8526&sirka=-77.3044,WASP-96,Gru,11:23,43°,SW,2456812.9746,04.06. 12:36,40°,SW,2456813.0251,13:48,37°,SW,2456813.0757,145.58,12.2,0.0149,56258.0621+3.4252602*E + 2.7e-06*E,00 04 11.14,-47 21 38.2
predict_detail.php?STARNAME=OGLE-TR-182&PLANET=b&delka=38.8526&sirka=-77.3044,OGLE-TR-182,Car,15:12,74°,N,2456813.1336,04.06. 17:12,72°,NW,2456813.2169,19:12,67°,W,2456813.3002,240,15.86,0.0121,54270.572+3.9791*E,11 09 18.84,-61 05 42.8
predict_detail.php?STARNAME=WASP-18&PLANET=b&delka=38.8526&sirka=-77.3044,WASP-18,Phe,18:10,32°,S,2456813.2571,04.06. 19:14,33°,S,2456813.3017,20:18,34°,SE,2456813.3464,128.6,9.29,0.0108,54221.48163+0.94145299*E,01 37 24.95,-45 40 40.8
predict_detail.php?STARNAME=WASP-98&PLANET=b&delka=38.8526&sirka=-77.3044,WASP-98,Eri,19:10,22°,S,2456813.2992,04.06. 20:08,21°,S,2456813.3390,21:05,22°,S,2456813.3787,114.48,13,0.0276,56333.3913+2.96264*E,03 53 42.9,-34 19 41.7
predict_detail.php?STARNAME=WASP-97&PLANET=b&delka=38.8526&sirka=-77.3044,WASP-97,Tuc,19:15,42°,S,2456813.3026,04.06. 20:33,44°,SE,2456813.3564,21:50,47°,SE,2456813.4102,154.94,10.6,0.0128,56438.18683+2.07276*E,01 38 25.04,-55 46 19.4
predict_detail.php?STARNAME=WASP-5&PLANET=b&delka=38.8526&sirka=-77.3044,WASP-5,Phe,19:57,33°,SE,2456813.3316,04.06. 21:08,36°,SE,2456813.3810,22:19,40°,E,2456813.4303,142.128,12.3,0.0137,54373.99598+1.6284279*E,23 57 23.74,-41 16 37.5
predict_detail.php?STARNAME=WASP-15&PLANET=b&delka=38.8526&sirka=-77.3044,WASP-15,Cen,20:20,43°,NW,2456813.3478,04.06. 22:12,39°,NW,2456813.4252,0:03,33°,W,2456813.5026,222.9,11,0.0108,54584.69823+3.7520656*E,13 55 42.71,-32 09 34.6
predict_detail.php?STARNAME=WASP-4&PLANET=b&delka=38.8526&sirka=-77.3044,WASP-4,Phe,23:56,47°,E,2456813.4975,05.06. 1:01,50°,NE,2456813.5426,2:06,53°,NE,2456813.5877,129.96,12.5,0.0194,54697.797562+1.33823214*E,23 34 15.06,-42 03 41.1
predict_detail.php?STARNAME=WASP-45&PLANET=b&delka=38.8526&sirka=-77.3044,WASP-45,Scl,2:01,43°,NE,2456813.5844,05.06. 2:55,45°,NE,2456813.6217,3:48,47°,N,2456813.6590,107.4,12,0.0119,55441.26925+3.1260876*E,00 20 56.99,-35 59 53.8
predict_detail.php?STARNAME=OGLE-TR-56&PLANET=b&delka=38.8526&sirka=-77.3044,OGLE-TR-56,Sgr,3:10,32°,W,2456813.6324,05.06. 4:04,29°,W,2456813.6700,4:58,27°,W,2456813.7075,108.2,16.6,0.0171,53936.598+1.211909*E,17 56 35.51,-29 32 21.2
predict_detail.php?STARNAME=WASP-75&PLANET=b&delka=38.8526&sirka=-77.3044,WASP-75,Aqr,3:38,22°,N,2456813.6518,05.06. 4:37,22°,N,2456813.6929,5:36,20°,NW,2456813.7340,118.37,11.45,0.0116,56016.2669+2.484193*E,22 49 32.57,-10 40 32.0 
predict_detail.php?STARNAME=WASP-19&PLANET=b&delka=38.8526&sirka=-77.3044,WASP-19,Vel,4:01,33°,S,2456813.6674,05.06. 4:47,34°,SE,2456813.6995,5:33,36°,SE,2456813.7316,92.4,12.3,0.0215,54775.3372+0.7888399*E,09 53 40.077,-45 39 33.06
predict_detail.php?STARNAME=WASP-101&PLANET=b&delka=38.8526&sirka=-77.3044,WASP-101,CMa,3:39,18°,SE,2456813.6526,05.06. 5:01,22°,E,2456813.7091,6:22,27°,E,2456813.7656,162.72,10.3,0.0136,56164.6934+3.585722*E,06 33 24.26,-23 29 10.2
predict_detail.php?STARNAME=WASP-100&PLANET=b&delka=38.8526&sirka=-77.3044,WASP-100,Ret,3:22,63°,E,2456813.6407,05.06. 5:17,69°,E,2456813.7207,7:13,75°,NE,2456813.8007,230.4,10.8,0.0082,56272.3395+2.849375*E,04 35 50.32,-64 01 37.3
predict_detail.php?STARNAME=OGLE-TR-113&PLANET=b&delka=38.8526&sirka=-77.3044,OGLE-TR-113,Car,4:56,49°,S,2456813.7057,05.06. 5:52,50°,SE,2456813.7446,6:48,52°,SE,2456813.7835,112,14.42,0.0245,52325.79823+1.4324757*E,10 52 24,-61 26 48
predict_detail.php?STARNAME=WASP-50&PLANET=b&delka=38.8526&sirka=-77.3044,WASP-50,Eri,5:54,21°,NE,2456813.7459,05.06. 6:48,22°,N,2456813.7835,7:42,22°,N,2456813.8212,108.4,11.55,0.0215,55558.61197+1.9550959*E,02 54 45.14,-10 53 52.93
predict_detail.php?STARNAME=WASP-46&PLANET=b&delka=38.8526&sirka=-77.3044,WASP-46,Ind,13:38,42°,S,2456814.0684,05.06. 14:28,42°,S,2456814.1033,15:18,43°,S,2456814.1382,100.4,12.9,0.0204,55392.31553+1.43037*E,21 14 56.86,-55 52 18.1
predict_detail.php?STARNAME=WASP-7&PLANET=b&delka=38.8526&sirka=-77.3044,WASP-7,Mic,13:14,27°,S,2456814.0515,05.06. 15:01,28°,SE,2456814.1258,16:48,31°,SE,2456814.2001,214,9.5,0.0108,53985.0149+4.95466*E,20 44 10.13,-39 13 29.7
predict_detail.php?STARNAME=WASP-55&PLANET=b&delka=38.8526&sirka=-77.3044,WASP-55,Vir,14:00,23°,NE,2456814.0837,05.06. 15:46,27°,NE,2456814.1572,17:32,30°,N,2456814.2307,211.68,11.8,0.0170,55737.9396+4.465633*E,13 35 01.94,-17 30 12.7
predict_detail.php?STARNAME=WASP-16&PLANET=b&delka=38.8526&sirka=-77.3044,WASP-16,Vir,16:31,31°,NE,2456814.1884,05.06. 17:28,32°,N,2456814.2284,18:26,33°,N,2456814.2684,115.2,11.3,0.0119,54584.42878+3.1186009*E,14 18 43.91,-20 16 31.7
predict_detail.php?STARNAME=WASP-18&PLANET=b&delka=38.8526&sirka=-77.3044,WASP-18,Phe,16:45,33°,S,2456814.1985,05.06. 17:50,32°,S,2456814.2432,18:54,32°,S,2456814.2878,128.6,9.29,0.0108,54221.48163+0.94145299*E,01 37 24.95,-45 40 40.8
predict_detail.php?STARNAME=OGLE-TR-L9&PLANET=b&delka=38.8526&sirka=-77.3044,OGLE-TR-L9,Car,17:42,71°,NW,2456814.2376,05.06. 18:56,67°,W,2456814.2890,20:10,63°,W,2456814.3404,148,14,0.0119,54492.80008+2.48553417*E,11 07 55.29,-61 08 46.3
predict_detail.php?STARNAME=WASP-19&PLANET=b&delka=38.8526&sirka=-77.3044,WASP-19,Vel,22:57,36°,SW,2456814.4563,05.06. 23:43,34°,SW,2456814.4883,0:29,33°,SW,2456814.5204,92.4,12.3,0.0215,54775.3372+0.7888399*E,09 53 40.077,-45 39 33.06
predict_detail.php?STARNAME=OGLE-TR-111&PLANET=b&delka=38.8526&sirka=-77.3044,OGLE-TR-111,Car,1:04,50°,SW,2456814.5448,06.06. 2:26,49°,S,2456814.6020,3:49,48°,S,2456814.6591,164.6,15.55,0.0173,53799.7516+4.0144479*E,10 53 17.91,-61 24 20.3
predict_detail.php?STARNAME=OGLE-TR-132&PLANET=b&delka=38.8526&sirka=-77.3044,OGLE-TR-132,Car,2:58,48°,S,2456814.6237,06.06. 4:11,48°,S,2456814.6744,5:24,49°,SE,2456814.7251,146,15.72,0.0087,53142.5912+1.689868*E,10 50 34.72,-61 57 25.9
predict_detail.php?STARNAME=WASP-6&PLANET=b&delka=38.8526&sirka=-77.3044,WASP-6,Aqr,3:24,34°,N,2456814.6423,06.06. 4:43,34°,N,2456814.6966,6:01,32°,NW,2456814.7509,156.4,11.9,0.0236,54596.43267+3.361006*E,23 12 37.75,-22 40 26.1
predict_detail.php?STARNAME=WASP-63&PLANET=b&delka=38.8526&sirka=-77.3044,WASP-63,Col,4:07,35°,E,2456814.6718,06.06. 6:47,44°,E,2456814.7831,9:27,50°,NE,2456814.8943,320.4,11.2,0.0066,55921.6527+4.37809*E,06 17 20.74,-38 19 23.8
predict_detail.php?STARNAME=LUPUS-TR3&PLANET=b&delka=38.8526&sirka=-77.3044,LUPUS-TR3,Lup,5:44,31°,SW,2456814.7391,06.06. 6:59,29°,S,2456814.7912,8:14,29°,S,2456814.8433,150,17,0.0148,53887.0818+3.91405*E,15 30 18.7,-42 58 41.5
predict_detail.php?STARNAME=WASP-29&PLANET=b&delka=38.8526&sirka=-77.3044,WASP-29,Phe,5:49,50°,NW,2456814.7427,06.06. 7:08,47°,NW,2456814.7972,8:26,44°,W,2456814.8517,157,11.3,0.0108,54249.3305+3.922732*E,23 51 31.08,-39 54 24.2
predict_detail.php?STARNAME=WASP-5&PLANET=b&delka=38.8526&sirka=-77.3044,WASP-5,Phe,11:02,38°,W,2456814.9601,06.06. 12:13,34°,SW,2456815.0094,13:24,32°,SW,2456815.0588,142.128,12.3,0.0137,54373.99598+1.6284279*E,23 57 23.74,-41 16 37.5
predict_detail.php?STARNAME=WASP-34&PLANET=b&delka=38.8526&sirka=-77.3044,WASP-34,Crt,11:37,29°,NE,2456814.9842,06.06. 12:40,32°,NE,2456815.0280,13:43,34°,NE,2456815.0718,126.14,10.4,0.0119,54647.55358+4.3176782*E,11 01 35.89,-23 51 38.4
predict_detail.php?STARNAME=OGLE-TR-211&PLANET=b&delka=38.8526&sirka=-77.3044,OGLE-TR-211,Car,10:59,66°,E,2456814.9583,06.06. 12:50,72°,NE,2456815.0354,14:41,75°,N,2456815.1125,222,14.3,0.0084,53406.271+3.6772*E,10 40 14.51,-62 27 19.8
predict_detail.php?STARNAME=WASP-22&PLANET=b&delka=38.8526&sirka=-77.3044,WASP-22,Eri,12:15,27°,W,2456815.0105,06.06. 13:53,22°,W,2456815.0790,15:32,17°,SW,2456815.1475,197.3,12,0.0108,54780.2496+3.53269*E,03 31 16.3,-23 49 10.0
predict_detail.php?STARNAME=OGLE-TR-113&PLANET=b&delka=38.8526&sirka=-77.3044,OGLE-TR-113,Car,15:18,74°,N,2456815.1382,06.06. 16:14,73°,NW,2456815.1771,17:10,71°,NW,2456815.2160,112,14.42,0.0245,52325.79823+1.4324757*E,10 52 24,-61 26 48
predict_detail.php?STARNAME=WASP-18&PLANET=b&delka=38.8526&sirka=-77.3044,WASP-18,Phe,15:21,35°,SW,2456815.1400,06.06. 16:25,33°,S,2456815.1846,17:30,32°,S,2456815.2293,128.6,9.29,0.0108,54221.48163+0.94145299*E,01 37 24.95,-45 40 40.8
predict_detail.php?STARNAME=OGLE-TR-10&PLANET=b&delka=38.8526&sirka=-77.3044,OGLE-TR-10,Sgr,15:19,25°,E,2456815.1386,06.06. 16:40,29°,E,2456815.1945,18:00,34°,E,2456815.2503,160.8,14.93,0.0111,53890.678+3.10129*E,17 51 28,-29 52 34
predict_detail.php?STARNAME=WASP-19&PLANET=b&delka=38.8526&sirka=-77.3044,WASP-19,Vel,17:52,51°,NW,2456815.2451,06.06. 18:39,49°,W,2456815.2772,19:25,46°,W,2456815.3093,92.4,12.3,0.0215,54775.3372+0.7888399*E,09 53 40.077,-45 39 33.06
predict_detail.php?STARNAME=WASP-17&PLANET=b&delka=38.8526&sirka=-77.3044,WASP-17,Sco,18:59,41°,N,2456815.2913,06.06. 21:10,40°,NW,2456815.3825,23:22,34°,NW,2456815.4738,262.8,11.6,0.0194,54559.181+3.735433*E,15  59  50.88,-28 03 41.4
predict_detail.php?STARNAME=WASP-97&PLANET=b&delka=38.8526&sirka=-77.3044,WASP-97,Tuc,21:00,45°,SE,2456815.3754,06.06. 22:17,48°,SE,2456815.4292,23:35,52°,E,2456815.4829,154.94,10.6,0.0128,56438.18683+2.07276*E,01 38 25.04,-55 46 19.4
predict_detail.php?STARNAME=WASP-46&PLANET=b&delka=38.8526&sirka=-77.3044,WASP-46,Ind,23:58,66°,NE,2456815.4988,07.06. 0:48,67°,N,2456815.5337,1:38,67°,N,2456815.5685,100.4,12.9,0.0204,55392.31553+1.43037*E,21 14 56.86,-55 52 18.1
predict_detail.php?STARNAME=WASP-50&PLANET=b&delka=38.8526&sirka=-77.3044,WASP-50,Eri,4:49,20°,NE,2456815.7010,07.06. 5:43,21°,NE,2456815.7386,6:37,22°,N,2456815.7763,108.4,11.55,0.0215,55558.61197+1.9550959*E,02 54 45.14,-10 53 52.93
predict_detail.php?STARNAME=WASP-66&PLANET=b&delka=38.8526&sirka=-77.3044,WASP-66,Ant,4:12,21°,S,2456815.6756,07.06. 6:27,25°,SE,2456815.7694,8:43,32°,E,2456815.8632,270.14,11.6,0.0072,55929.09615+4.086052*E,10 32 54.00,-34 59 23.3
predict_detail.php?STARNAME=WASP-61&PLANET=b&delka=38.8526&sirka=-77.3044,WASP-61,Lep,5:01,31°,E,2456815.7093,07.06. 6:59,36°,NE,2456815.7914,8:57,39°,N,2456815.8736,236.45,12.5,0.0153,55859.52825+3.8559*E,05 01 11.91,-26 03 14.9
predict_detail.php?STARNAME=WASP-64&PLANET=b&delka=38.8526&sirka=-77.3044,WASP-64,CMa,12:17,44°,N,2456816.0125,07.06. 13:29,41°,NW,2456816.0625,14:41,38°,NW,2456816.1125,143.99,12.29,0.0164,55582.60169+1.5732918*E,06 44 27.61,-32 51 30.25
predict_detail.php?STARNAME=WASP-79&PLANET=b&delka=38.8526&sirka=-77.3044,WASP-79,Eri,12:04,38°,NW,2456816.0031,07.06. 13:56,32°,W,2456816.0812,15:49,26°,SW,2456816.1594,225.07,10.1,0.0124,55545.23479+3.6623817*E,04 25 29.01,-30 26 01.5
predict_detail.php?STARNAME=OGLE-TR-56&PLANET=b&delka=38.8526&sirka=-77.3044,OGLE-TR-56,Sgr,13:20,20°,SE,2456816.0562,07.06. 14:15,22°,SE,2456816.0938,15:09,25°,E,2456816.1314,108.2,16.6,0.0171,53936.598+1.211909*E,17 56 35.51,-29 32 21.2
predict_detail.php?STARNAME=WASP-72&PLANET=b&delka=38.8526&sirka=-77.3044,WASP-72,For,14:00,26°,W,2456816.0836,07.06. 15:52,21°,SW,2456816.1615,17:44,18°,S,2456816.2394,224.35,10.88,0.0047,55583.6529+2.2167421*E,02 44 09.60,-30 10 08.5
predict_detail.php?STARNAME=WASP-4&PLANET=b&delka=38.8526&sirka=-77.3044,WASP-4,Phe,16:10,30°,S,2456816.1739,07.06. 17:15,30°,S,2456816.2190,18:20,32°,SE,2456816.2642,129.96,12.5,0.0194,54697.797562+1.33823214*E,23 34 15.06,-42 03 41.1
predict_detail.php?STARNAME=WASP-98&PLANET=b&delka=38.8526&sirka=-77.3044,WASP-98,Eri,18:17,23°,SW,2456816.2619,07.06. 19:14,22°,S,2456816.3016,20:11,21°,S,2456816.3414,114.48,13,0.0276,56333.3913+2.96264*E,03 53 42.9,-34 19 41.7
predict_detail.php?STARNAME=HATS-1&PLANET=b&delka=38.8526&sirka=-77.3044,HATS-1,Cra,18:26,33°,NW,2456816.2686,07.06. 19:39,30°,NW,2456816.3190,20:51,26°,W,2456816.3693,145,12.053,0.0162,55241.28722+3.446459*E,11 42 06.12,-23 21 17.4
predict_detail.php?STARNAME=OGLE-TR-132&PLANET=b&delka=38.8526&sirka=-77.3044,OGLE-TR-132,Car,19:31,63°,W,2456816.3135,07.06. 20:44,59°,W,2456816.3642,21:57,56°,SW,2456816.4149,146,15.72,0.0087,53142.5912+1.689868*E,10 50 34.72,-61 57 25.9
predict_detail.php?STARNAME=WASP-96&PLANET=b&delka=38.8526&sirka=-77.3044,WASP-96,Gru,21:37,43°,SE,2456816.4007,07.06. 22:49,47°,E,2456816.4512,0:02,51°,E,2456816.5018,145.58,12.2,0.0149,56258.0621+3.4252602*E + 2.7e-06*E,00 04 11.14,-47 21 38.2
predict_detail.php?STARNAME=WASP-67&PLANET=b&delka=38.8526&sirka=-77.3044,WASP-67,Sgr,22:26,30°,NE,2456816.4350,07.06. 23:23,31°,N,2456816.4745,0:20,31°,N,2456816.5140,113.76,12.5,0.0195,55824.3742+4.61442*E,19 42 58.51,-19 56 58.4
predict_detail.php?STARNAME=WASP-100&PLANET=b&delka=38.8526&sirka=-77.3044,WASP-100,Ret,23:45,54°,SE,2456816.4901,08.06. 1:40,58°,SE,2456816.5701,3:36,64°,E,2456816.6501,230.4,10.8,0.0082,56272.3395+2.849375*E,04 35 50.32,-64 01 37.3
predict_detail.php?STARNAME=OGLE-TR-113&PLANET=b&delka=38.8526&sirka=-77.3044,OGLE-TR-113,Car,1:41,49°,S,2456816.5707,08.06. 2:37,48°,S,2456816.6095,3:33,48°,S,2456816.6484,112,14.42,0.0245,52325.79823+1.4324757*E,10 52 24,-61 26 48
predict_detail.php?STARNAME=WASP-5&PLANET=b&delka=38.8526&sirka=-77.3044,WASP-5,Phe,2:07,51°,NE,2456816.5885,08.06. 3:18,53°,N,2456816.6378,4:29,54°,N,2456816.6872,142.128,12.3,0.0137,54373.99598+1.6284279*E,23 57 23.74,-41 16 37.5
predict_detail.php?STARNAME=WASP-45&PLANET=b&delka=38.8526&sirka=-77.3044,WASP-45,Scl,5:03,47°,N,2456816.7105,08.06. 5:56,46°,N,2456816.7478,6:50,45°,NW,2456816.7851,107.4,12,0.0119,55441.26925+3.1260876*E,00 20 56.99,-35 59 53.8
predict_detail.php?STARNAME=OGLE-TR-L9&PLANET=b&delka=38.8526&sirka=-77.3044,OGLE-TR-L9,Car,5:21,50°,S,2456816.7231,08.06. 6:35,52°,SE,2456816.7745,7:49,54°,SE,2456816.8259,148,14,0.0119,54492.80008+2.48553417*E,11 07 55.29,-61 08 46.3
predict_detail.php?STARNAME=HATS-5&PLANET=b&delka=38.8526&sirka=-77.3044,HATS-5,Eri,6:06,30°,NE,2456816.7546,08.06. 7:36,33°,N,2456816.8168,9:05,34°,N,2456816.8790,179.14,12.63,0.0125,56273.79068+4.763387*E,04 28 53.47,-21 28 54.9
predict_detail.php?STARNAME=WASP-46&PLANET=b&delka=38.8526&sirka=-77.3044,WASP-46,Ind,10:18,45°,SW,2456816.9292,08.06. 11:08,44°,SW,2456816.9640,11:58,43°,S,2456816.9989,100.4,12.9,0.0204,55392.31553+1.43037*E,21 14 56.86,-55 52 18.1
predict_detail.php?STARNAME=WASP-18&PLANET=b&delka=38.8526&sirka=-77.3044,WASP-18,Phe,12:32,41°,W,2456817.0229,08.06. 13:37,38°,SW,2456817.0675,14:41,36°,SW,2456817.1122,128.6,9.29,0.0108,54221.48163+0.94145299*E,01 37 24.95,-45 40 40.8
predict_detail.php?STARNAME=WASP-15&PLANET=b&delka=38.8526&sirka=-77.3044,WASP-15,Cen,14:23,39°,NE,2456817.0999,08.06. 16:15,43°,NE,2456817.1773,18:06,45°,N,2456817.2547,222.9,11,0.0108,54584.69823+3.7520656*E,13 55 42.71,-32 09 34.6
predict_detail.php?STARNAME=OGLE-TR-182&PLANET=b&delka=38.8526&sirka=-77.3044,OGLE-TR-182,Car,14:42,74°,N,2456817.1127,08.06. 16:42,73°,NW,2456817.1960,18:42,68°,W,2456817.2793,240,15.86,0.0121,54270.572+3.9791*E,11 09 18.84,-61 05 42.8
predict_detail.php?STARNAME=WASP-62&PLANET=b&delka=38.8526&sirka=-77.3044,WASP-62,Dor,14:50,64°,W,2456817.1183,08.06. 16:44,58°,SW,2456817.1977,18:39,53°,SW,2456817.2771,228.67,10.3,0.0133,55855.39195+4.411953*E,05 48 33.59,-63 59 18.3
predict_detail.php?STARNAME=OGLE-TR-56&PLANET=b&delka=38.8526&sirka=-77.3044,OGLE-TR-56,Sgr,18:26,36°,NE,2456817.2681,08.06. 19:20,38°,NE,2456817.3057,20:14,40°,NE,2456817.3433,108.2,16.6,0.0171,53936.598+1.211909*E,17 56 35.51,-29 32 21.2
predict_detail.php?STARNAME=WASP-31&PLANET=b&delka=38.8526&sirka=-77.3044,WASP-31,Crt,18:03,29°,NW,2456817.2521,08.06. 19:22,26°,NW,2456817.3073,20:42,22°,W,2456817.3625,159,11.7,0.0167,55189.2828+3.405909*E,11 17 45.35,-19 03 17.3
predict_detail.php?STARNAME=WASP-16&PLANET=b&delka=38.8526&sirka=-77.3044,WASP-16,Vir,19:22,33°,N,2456817.3070,08.06. 20:19,31°,NW,2456817.3470,21:17,29°,NW,2456817.3870,115.2,11.3,0.0119,54584.42878+3.1186009*E,14 18 43.91,-20 16 31.7
predict_detail.php?STARNAME=WASP-99&PLANET=b&delka=38.8526&sirka=-77.3044,WASP-99,Hor,21:09,40°,SE,2456817.3814,08.06. 23:46,46°,SE,2456817.4909,2:24,54°,E,2456817.6004,315.36,28.8,0.0044,56224.9824+5.75251*E,02 39 35.44,-50 00 28.8
predict_detail.php?STARNAME=WASP-97&PLANET=b&delka=38.8526&sirka=-77.3044,WASP-97,Tuc,22:45,50°,SE,2456817.4481,09.06. 0:02,53°,E,2456817.5019,1:20,58°,E,2456817.5557,154.94,10.6,0.0128,56438.18683+2.07276*E,01 38 25.04,-55 46 19.4
predict_detail.php?STARNAME=WASP-4&PLANET=b&delka=38.8526&sirka=-77.3044,WASP-4,Phe,0:17,49°,NE,2456817.5121,09.06. 1:22,52°,NE,2456817.5573,2:27,54°,NE,2456817.6024,129.96,12.5,0.0194,54697.797562+1.33823214*E,23 34 15.06,-42 03 41.1
predict_detail.php?STARNAME=WASP-64&PLANET=b&delka=38.8526&sirka=-77.3044,WASP-64,CMa,2:03,22°,SE,2456817.5858,09.06. 3:15,25°,SE,2456817.6358,4:27,29°,E,2456817.6857,143.99,12.29,0.0164,55582.60169+1.5732918*E,06 44 27.61,-32 51 30.25
predict_detail.php?STARNAME=WASP-19&PLANET=b&delka=38.8526&sirka=-77.3044,WASP-19,Vel,2:40,32°,S,2456817.6116,09.06. 3:26,33°,S,2456817.6437,4:13,34°,SE,2456817.6758,92.4,12.3,0.0215,54775.3372+0.7888399*E,09 53 40.077,-45 39 33.06
predict_detail.php?STARNAME=WASP-78&PLANET=b&delka=38.8526&sirka=-77.3044,WASP-78,Eri,2:05,20°,E,2456817.5869,09.06. 4:25,28°,NE,2456817.6846,6:46,34°,NE,2456817.7823,281.32,12,0.0068,55882.35878+2.17517632*E,04 15 01.50,-22 06 59.0
predict_detail.php?STARNAME=WASP-18&PLANET=b&delka=38.8526&sirka=-77.3044,WASP-18,Phe,11:08,46°,W,2456817.9643,09.06. 12:12,42°,W,2456818.0090,13:17,39°,SW,2456818.0536,128.6,9.29,0.0108,54221.48163+0.94145299*E,01 37 24.95,-45 40 40.8
predict_detail.php?STARNAME=OGLE-TR-113&PLANET=b&delka=38.8526&sirka=-77.3044,OGLE-TR-113,Car,12:04,68°,NE,2456818.0031,09.06. 13:00,71°,NE,2456818.0420,13:56,73°,NE,2456818.0809,112,14.42,0.0245,52325.79823+1.4324757*E,10 52 24,-61 26 48
predict_detail.php?STARNAME=OGLE-TR-132&PLANET=b&delka=38.8526&sirka=-77.3044,OGLE-TR-132,Car,12:04,68°,NE,2456818.0034,09.06. 13:17,71°,NE,2456818.0541,14:30,73°,N,2456818.1048,146,15.72,0.0087,53142.5912+1.689868*E,10 50 34.72,-61 57 25.9
predict_detail.php?STARNAME=WASP-5&PLANET=b&delka=38.8526&sirka=-77.3044,WASP-5,Phe,17:12,29°,S,2456818.2169,09.06. 18:23,30°,SE,2456818.2663,19:34,33°,SE,2456818.3156,142.128,12.3,0.0137,54373.99598+1.6284279*E,23 57 23.74,-41 16 37.5
predict_detail.php?STARNAME=OGLE-TR-10&PLANET=b&delka=38.8526&sirka=-77.3044,OGLE-TR-10,Sgr,17:45,34°,E,2456818.2399,09.06. 19:05,37°,NE,2456818.2958,20:26,40°,NE,2456818.3516,160.8,14.93,0.0111,53890.678+3.10129*E,17 51 28,-29 52 34
predict_detail.php?STARNAME=WASP-46&PLANET=b&delka=38.8526&sirka=-77.3044,WASP-46,Ind,20:37,57°,E,2456818.3596,09.06. 21:27,59°,E,2456818.3944,22:18,62°,NE,2456818.4293,100.4,12.9,0.0204,55392.31553+1.43037*E,21 14 56.86,-55 52 18.1
predict_detail.php?STARNAME=WASP-19&PLANET=b&delka=38.8526&sirka=-77.3044,WASP-19,Vel,21:36,39°,SW,2456818.4005,09.06. 22:22,37°,SW,2456818.4325,23:09,35°,SW,2456818.4646,92.4,12.3,0.0215,54775.3372+0.7888399*E,09 53 40.077,-45 39 33.06
predict_detail.php?STARNAME=OGLE-TR-56&PLANET=b&delka=38.8526&sirka=-77.3044,OGLE-TR-56,Sgr,23:31,41°,NW,2456818.4800,10.06. 0:25,39°,NW,2456818.5176,1:19,37°,NW,2456818.5552,108.2,16.6,0.0171,53936.598+1.211909*E,17 56 35.51,-29 32 21.2
predict_detail.php?STARNAME=WASP-22&PLANET=b&delka=38.8526&sirka=-77.3044,WASP-22,Eri,1:02,20°,E,2456818.5432,10.06. 2:40,25°,E,2456818.6117,4:19,30°,NE,2456818.6802,197.3,12,0.0108,54780.2496+3.53269*E,03 31 16.3,-23 49 10.0
predict_detail.php?STARNAME=OGLE-TR-111&PLANET=b&delka=38.8526&sirka=-77.3044,OGLE-TR-111,Car,1:25,49°,S,2456818.5593,10.06. 2:47,48°,S,2456818.6164,4:09,49°,S,2456818.6736,164.6,15.55,0.0173,53799.7516+4.0144479*E,10 53 17.91,-61 24 20.3
predict_detail.php?STARNAME=WASP-75&PLANET=b&delka=38.8526&sirka=-77.3044,WASP-75,Aqr,2:53,23°,N,2456818.6201,10.06. 3:52,22°,N,2456818.6612,4:51,21°,NW,2456818.7023,118.37,11.45,0.0116,56016.2669+2.484193*E,22 49 32.57,-10 40 32.0 
predict_detail.php?STARNAME=LUPUS-TR3&PLANET=b&delka=38.8526&sirka=-77.3044,LUPUS-TR3,Lup,3:40,34°,SW,2456818.6532,10.06. 4:55,32°,SW,2456818.7052,6:10,30°,S,2456818.7573,150,17,0.0148,53887.0818+3.91405*E,15 30 18.7,-42 58 41.5
predict_detail.php?STARNAME=OGLE-TR-211&PLANET=b&delka=38.8526&sirka=-77.3044,OGLE-TR-211,Car,3:15,49°,S,2456818.6355,10.06. 5:06,51°,SE,2456818.7126,6:57,54°,SE,2456818.7897,222,14.3,0.0084,53406.271+3.6772*E,10 40 14.51,-62 27 19.8
predict_detail.php?STARNAME=WASP-29&PLANET=b&delka=38.8526&sirka=-77.3044,WASP-29,Phe,3:58,51°,N,2456818.6654,10.06. 5:16,50°,N,2456818.7200,6:35,48°,NW,2456818.7745,157,11.3,0.0108,54249.3305+3.922732*E,23 51 31.08,-39 54 24.2
predict_detail.php?STARNAME=WASP-23&PLANET=b&delka=38.8526&sirka=-77.3044,WASP-23,Pup,6:52,47°,E,2456818.7864,10.06. 8:04,50°,NE,2456818.8363,9:16,53°,NE,2456818.8862,143.7,12.68,0.0215,55320.12363+2.9444256*E,06 44 30.50,-42 45 41.2
predict_detail.php?STARNAME=WASP-18&PLANET=b&delka=38.8526&sirka=-77.3044,WASP-18,Phe,9:44,50°,W,2456818.9058,10.06. 10:48,47°,W,2456818.9504,11:52,43°,W,2456818.9951,128.6,9.29,0.0108,54221.48163+0.94145299*E,01 37 24.95,-45 40 40.8
predict_detail.php?STARNAME=WASP-7&PLANET=b&delka=38.8526&sirka=-77.3044,WASP-7,Mic,12:08,27°,S,2456819.0061,10.06. 13:55,27°,S,2456819.0804,15:42,30°,SE,2456819.1547,214,9.5,0.0108,53985.0149+4.95466*E,20 44 10.13,-39 13 29.7
predict_detail.php?STARNAME=WASP-17&PLANET=b&delka=38.8526&sirka=-77.3044,WASP-17,Sco,12:38,26°,E,2456819.0267,10.06. 14:49,33°,E,2456819.1180,17:01,39°,NE,2456819.2092,262.8,11.6,0.0194,54559.181+3.735433*E,15  59  50.88,-28 03 41.4
predict_detail.php?STARNAME=WASP-63&PLANET=b&delka=38.8526&sirka=-77.3044,WASP-63,Col,13:11,47°,NW,2456819.0499,10.06. 15:52,39°,W,2456819.1612,18:32,31°,SW,2456819.2724,320.4,11.2,0.0066,55921.6527+4.37809*E,06 17 20.74,-38 19 23.8
predict_detail.php?STARNAME=WASP-64&PLANET=b&delka=38.8526&sirka=-77.3044,WASP-64,CMa,15:49,34°,W,2456819.1590,10.06. 17:01,30°,W,2456819.2090,18:13,26°,SW,2456819.2590,143.99,12.29,0.0164,55582.60169+1.5732918*E,06 44 27.61,-32 51 30.25
predict_detail.php?STARNAME=WASP-19&PLANET=b&delka=38.8526&sirka=-77.3044,WASP-19,Vel,16:32,54°,NW,2456819.1893,10.06. 17:18,52°,NW,2456819.2214,18:04,50°,W,2456819.2535,92.4,12.3,0.0215,54775.3372+0.7888399*E,09 53 40.077,-45 39 33.06
predict_detail.php?STARNAME=OGLE-TR-L9&PLANET=b&delka=38.8526&sirka=-77.3044,OGLE-TR-L9,Car,17:00,72°,NW,2456819.2087,10.06. 18:14,69°,W,2456819.2601,19:28,65°,W,2456819.3115,148,14,0.0119,54492.80008+2.48553417*E,11 07 55.29,-61 08 46.3
predict_detail.php?STARNAME=WASP-98&PLANET=b&delka=38.8526&sirka=-77.3044,WASP-98,Eri,17:23,24°,SW,2456819.2245,10.06. 18:20,22°,S,2456819.2643,19:17,22°,S,2456819.3040,114.48,13,0.0276,56333.3913+2.96264*E,03 53 42.9,-34 19 41.7
predict_detail.php?STARNAME=WASP-34&PLANET=b&delka=38.8526&sirka=-77.3044,WASP-34,Crt,19:14,28°,NW,2456819.3019,10.06. 20:17,25°,W,2456819.3457,21:20,21°,W,2456819.3895,126.14,10.4,0.0119,54647.55358+4.3176782*E,11 01 35.89,-23 51 38.4
predict_detail.php?STARNAME=WASP-100&PLANET=b&delka=38.8526&sirka=-77.3044,WASP-100,Ret,20:08,52°,S,2456819.3395,10.06. 22:04,52°,S,2456819.4195,23:59,55°,SE,2456819.4995,230.4,10.8,0.0082,56272.3395+2.849375*E,04 35 50.32,-64 01 37.3
predict_detail.php?STARNAME=OGLE-TR-113&PLANET=b&delka=38.8526&sirka=-77.3044,OGLE-TR-113,Car,22:27,54°,SW,2456819.4356,10.06. 23:23,52°,SW,2456819.4745,0:19,51°,SW,2456819.5134,112,14.42,0.0245,52325.79823+1.4324757*E,10 52 24,-61 26 48
predict_detail.php?STARNAME=WASP-97&PLANET=b&delka=38.8526&sirka=-77.3044,WASP-97,Tuc,0:30,55°,E,2456819.5209,11.06. 1:47,59°,E,2456819.5747,3:04,63°,NE,2456819.6285,154.94,10.6,0.0128,56438.18683+2.07276*E,01 38 25.04,-55 46 19.4
predict_detail.php?STARNAME=WASP-61&PLANET=b&delka=38.8526&sirka=-77.3044,WASP-61,Lep,1:33,21°,SE,2456819.5652,11.06. 3:32,27°,E,2456819.6473,5:30,33°,NE,2456819.7295,236.45,12.5,0.0153,55859.52825+3.8559*E,05 01 11.91,-26 03 14.9
predict_detail.php?STARNAME=OGLE-TR-56&PLANET=b&delka=38.8526&sirka=-77.3044,OGLE-TR-56,Sgr,4:36,26°,W,2456819.6919,11.06. 5:30,24°,SW,2456819.7295,6:24,21°,SW,2456819.7671,108.2,16.6,0.0171,53936.598+1.211909*E,17 56 35.51,-29 32 21.2
predict_detail.php?STARNAME=WASP-79&PLANET=b&delka=38.8526&sirka=-77.3044,WASP-79,Eri,3:58,34°,E,2456819.6655,11.06. 5:50,39°,NE,2456819.7436,7:43,42°,N,2456819.8218,225.07,10.1,0.0124,55545.23479+3.6623817*E,04 25 29.01,-30 26 01.5
predict_detail.php?STARNAME=OGLE-TR-132&PLANET=b&delka=38.8526&sirka=-77.3044,OGLE-TR-132,Car,4:38,49°,S,2456819.6933,11.06. 5:51,50°,SE,2456819.7440,7:04,53°,SE,2456819.7947,146,15.72,0.0087,53142.5912+1.689868*E,10 50 34.72,-61 57 25.9
predict_detail.php?STARNAME=WASP-46&PLANET=b&delka=38.8526&sirka=-77.3044,WASP-46,Ind,6:57,54°,W,2456819.7899,11.06. 7:47,51°,SW,2456819.8248,8:37,49°,SW,2456819.8597,100.4,12.9,0.0204,55392.31553+1.43037*E,21 14 56.86,-55 52 18.1
predict_detail.php?STARNAME=WASP-4&PLANET=b&delka=38.8526&sirka=-77.3044,WASP-4,Phe,16:31,30°,S,2456820.1886,11.06. 17:36,31°,SE,2456820.2337,18:41,33°,SE,2456820.2789,129.96,12.5,0.0194,54697.797562+1.33823214*E,23 34 15.06,-42 03 41.1
predict_detail.php?STARNAME=WASP-16&PLANET=b&delka=38.8526&sirka=-77.3044,WASP-16,Vir,22:12,26°,NW,2456820.4256,11.06. 23:10,23°,W,2456820.4656,0:08,21°,W,2456820.5056,115.2,11.3,0.0119,54584.42878+3.1186009*E,14 18 43.91,-20 16 31.7
predict_detail.php?STARNAME=WASP-72&PLANET=b&delka=38.8526&sirka=-77.3044,WASP-72,For,0:24,28°,E,2456820.5171,12.06. 2:16,34°,E,2456820.5950,4:08,40°,NE,2456820.6729,224.35,10.88,0.0047,55583.6529+2.2167421*E,02 44 09.60,-30 10 08.5
predict_detail.php?STARNAME=WASP-64&PLANET=b&delka=38.8526&sirka=-77.3044,WASP-64,CMa,5:34,33°,E,2456820.7323,12.06. 6:46,37°,E,2456820.7823,7:58,41°,NE,2456820.8323,143.99,12.29,0.0164,55582.60169+1.5732918*E,06 44 27.61,-32 51 30.25
predict_detail.php?STARNAME=WASP-19&PLANET=b&delka=38.8526&sirka=-77.3044,WASP-19,Vel,6:24,39°,SE,2456820.7670,12.06. 7:10,41°,SE,2456820.7991,7:56,43°,E,2456820.8311,92.4,12.3,0.0215,54775.3372+0.7888399*E,09 53 40.077,-45 39 33.06
predict_detail.php?STARNAME=WASP-18&PLANET=b&delka=38.8526&sirka=-77.3044,WASP-18,Phe,6:55,57°,NW,2456820.7887,12.06. 8:00,55°,NW,2456820.8333,9:04,52°,NW,2456820.8780,128.6,9.29,0.0108,54221.48163+0.94145299*E,01 37 24.95,-45 40 40.8
predict_detail.php?STARNAME=OGLE-TR-182&PLANET=b&delka=38.8526&sirka=-77.3044,OGLE-TR-182,Car,14:12,73°,NE,2456821.0918,12.06. 16:12,73°,NW,2456821.1751,18:12,68°,W,2456821.2584,240,15.86,0.0121,54270.572+3.9791*E,11 09 18.84,-61 05 42.8
predict_detail.php?STARNAME=WASP-46&PLANET=b&delka=38.8526&sirka=-77.3044,WASP-46,Ind,17:17,47°,SE,2456821.2203,12.06. 18:07,49°,SE,2456821.2552,18:57,52°,E,2456821.2900,100.4,12.9,0.0204,55392.31553+1.43037*E,21 14 56.86,-55 52 18.1
predict_detail.php?STARNAME=OGLE-TR-10&PLANET=b&delka=38.8526&sirka=-77.3044,OGLE-TR-10,Sgr,20:11,40°,NE,2456821.3412,12.06. 21:31,41°,N,2456821.3970,22:52,41°,N,2456821.4529,160.8,14.93,0.0111,53890.678+3.10129*E,17 51 28,-29 52 34
predict_detail.php?STARNAME=WASP-6&PLANET=b&delka=38.8526&sirka=-77.3044,WASP-6,Aqr,20:44,20°,E,2456821.3643,12.06. 22:02,24°,E,2456821.4186,23:21,28°,NE,2456821.4729,156.4,11.9,0.0236,54596.43267+3.361006*E,23 12 37.75,-22 40 26.1
predict_detail.php?STARNAME=OGLE-TR-132&PLANET=b&delka=38.8526&sirka=-77.3044,OGLE-TR-132,Car,21:11,57°,SW,2456821.3831,12.06. 22:24,54°,SW,2456821.4338,23:37,51°,SW,2456821.4845,146,15.72,0.0087,53142.5912+1.689868*E,10 50 34.72,-61 57 25.9
predict_detail.php?STARNAME=WASP-5&PLANET=b&delka=38.8526&sirka=-77.3044,WASP-5,Phe,23:22,45°,E,2456821.4738,13.06. 0:33,48°,NE,2456821.5231,1:44,51°,NE,2456821.5725,142.128,12.3,0.0137,54373.99598+1.6284279*E,23 57 23.74,-41 16 37.5
predict_detail.php?STARNAME=WASP-4&PLANET=b&delka=38.8526&sirka=-77.3044,WASP-4,Phe,0:38,51°,NE,2456821.5268,13.06. 1:43,53°,NE,2456821.5720,2:48,55°,N,2456821.6171,129.96,12.5,0.0194,54697.797562+1.33823214*E,23 34 15.06,-42 03 41.1
predict_detail.php?STARNAME=WASP-19&PLANET=b&delka=38.8526&sirka=-77.3044,WASP-19,Vel,1:20,32°,S,2456821.5558,13.06. 2:06,32°,S,2456821.5879,2:52,32°,S,2456821.6200,92.4,12.3,0.0215,54775.3372+0.7888399*E,09 53 40.077,-45 39 33.06
predict_detail.php?STARNAME=WASP-62&PLANET=b&delka=38.8526&sirka=-77.3044,WASP-62,Dor,0:43,52°,SE,2456821.5303,13.06. 2:37,57°,SE,2456821.6097,4:32,62°,E,2456821.6891,228.67,10.3,0.0133,55855.39195+4.411953*E,05 48 33.59,-63 59 18.3
predict_detail.php?STARNAME=WASP-97&PLANET=b&delka=38.8526&sirka=-77.3044,WASP-97,Tuc,2:14,61°,E,2456821.5936,13.06. 3:32,65°,NE,2456821.6474,4:49,67°,N,2456821.7012,154.94,10.6,0.0128,56438.18683+2.07276*E,01 38 25.04,-55 46 19.4
predict_detail.php?STARNAME=WASP-26&PLANET=b&delka=38.8526&sirka=-77.3044,WASP-26,Cet,3:42,28°,N,2456821.6545,13.06. 4:53,28°,N,2456821.7035,6:03,26°,NW,2456821.7525,141,11.3,0.0108,55123.6379+2.7566*E,00 18 24.7,-15 16 02.3
predict_detail.php?STARNAME=OGLE-TR-L9&PLANET=b&delka=38.8526&sirka=-77.3044,OGLE-TR-L9,Car,4:39,49°,S,2456821.6942,13.06. 5:53,51°,SE,2456821.7456,7:07,54°,SE,2456821.7970,148,14,0.0119,54492.80008+2.48553417*E,11 07 55.29,-61 08 46.3
predict_detail.php?STARNAME=WASP-18&PLANET=b&delka=38.8526&sirka=-77.3044,WASP-18,Phe,5:31,58°,N,2456821.7301,13.06. 6:35,57°,N,2456821.7748,7:39,55°,NW,2456821.8194,128.6,9.29,0.0108,54221.48163+0.94145299*E,01 37 24.95,-45 40 40.8
predict_detail.php?STARNAME=WASP-23&PLANET=b&delka=38.8526&sirka=-77.3044,WASP-23,Pup,5:32,43°,E,2456821.7308,13.06. 6:44,47°,E,2456821.7807,7:56,51°,NE,2456821.8306,143.7,12.68,0.0215,55320.12363+2.9444256*E,06 44 30.50,-42 45 41.2
predict_detail.php?STARNAME=WASP-78&PLANET=b&delka=38.8526&sirka=-77.3044,WASP-78,Eri,10:29,33°,NW,2456821.9373,13.06. 12:50,26°,W,2456822.0350,15:10,19°,W,2456822.1326,281.32,12,0.0068,55882.35878+2.17517632*E,04 15 01.50,-22 06 59.0
predict_detail.php?STARNAME=OGLE-TR-56&PLANET=b&delka=38.8526&sirka=-77.3044,OGLE-TR-56,Sgr,14:46,25°,E,2456822.1158,13.06. 15:40,28°,E,2456822.1533,16:34,31°,E,2456822.1909,108.2,16.6,0.0171,53936.598+1.211909*E,17 56 35.51,-29 32 21.2
predict_detail.php?STARNAME=WASP-98&PLANET=b&delka=38.8526&sirka=-77.3044,WASP-98,Eri,16:29,25°,SW,2456822.1871,13.06. 17:26,24°,SW,2456822.2269,18:23,22°,S,2456822.2666,114.48,13,0.0276,56333.3913+2.96264*E,03 53 42.9,-34 19 41.7
predict_detail.php?STARNAME=WASP-100&PLANET=b&delka=38.8526&sirka=-77.3044,WASP-100,Ret,16:31,56°,SW,2456822.1889,13.06. 18:27,53°,S,2456822.2689,20:22,52°,S,2456822.3489,230.4,10.8,0.0082,56272.3395+2.849375*E,04 35 50.32,-64 01 37.3
predict_detail.php?STARNAME=OGLE-TR-113&PLANET=b&delka=38.8526&sirka=-77.3044,OGLE-TR-113,Car,19:12,64°,W,2456822.3006,13.06. 20:08,61°,W,2456822.3395,21:04,58°,SW,2456822.3783,112,14.42,0.0245,52325.79823+1.4324757*E,10 52 24,-61 26 48
predict_detail.php?STARNAME=WASP-25&PLANET=b&delka=38.8526&sirka=-77.3044,WASP-25,Hya,18:47,38°,NW,2456822.2833,13.06. 20:12,35°,NW,2456822.3418,21:36,31°,W,2456822.4003,168.5,11.88,0.0204,55259.93733+3.76483*E,13 01 26.46,-27 31 18.9
predict_detail.php?STARNAME=WASP-64&PLANET=b&delka=38.8526&sirka=-77.3044,WASP-64,CMa,19:20,23°,SW,2456822.3056,13.06. 20:32,21°,SW,2456822.3556,21:44,19°,S,2456822.4056,143.99,12.29,0.0164,55582.60169+1.5732918*E,06 44 27.61,-32 51 30.25
predict_detail.php?STARNAME=WASP-19&PLANET=b&delka=38.8526&sirka=-77.3044,WASP-19,Vel,20:16,42°,W,2456822.3447,13.06. 21:02,40°,SW,2456822.3767,21:48,38°,SW,2456822.4088,92.4,12.3,0.0215,54775.3372+0.7888399*E,09 53 40.077,-45 39 33.06
predict_detail.php?STARNAME=OGLE-TR-211&PLANET=b&delka=38.8526&sirka=-77.3044,OGLE-TR-211,Car,19:30,63°,W,2456822.3127,13.06. 21:21,57°,SW,2456822.3898,23:12,53°,SW,2456822.4669,222,14.3,0.0084,53406.271+3.6772*E,10 40 14.51,-62 27 19.8
predict_detail.php?STARNAME=LUPUS-TR3&PLANET=b&delka=38.8526&sirka=-77.3044,LUPUS-TR3,Lup,1:36,40°,W,2456822.5672,14.06. 2:51,36°,SW,2456822.6193,4:06,33°,SW,2456822.6714,150,17,0.0148,53887.0818+3.91405*E,15 30 18.7,-42 58 41.5
predict_detail.php?STARNAME=OGLE-TR-111&PLANET=b&delka=38.8526&sirka=-77.3044,OGLE-TR-111,Car,1:46,49°,S,2456822.5737,14.06. 3:08,48°,S,2456822.6309,4:30,49°,S,2456822.6880,164.6,15.55,0.0173,53799.7516+4.0144479*E,10 53 17.91,-61 24 20.3
predict_detail.php?STARNAME=WASP-29&PLANET=b&delka=38.8526&sirka=-77.3044,WASP-29,Phe,2:06,50°,NE,2456822.5882,14.06. 3:25,51°,N,2456822.6427,4:43,51°,N,2456822.6972,157,11.3,0.0108,54249.3305+3.922732*E,23 51 31.08,-39 54 24.2
predict_detail.php?STARNAME=WASP-46&PLANET=b&delka=38.8526&sirka=-77.3044,WASP-46,Ind,3:36,64°,NW,2456822.6507,14.06. 4:27,61°,NW,2456822.6855,5:17,59°,W,2456822.7204,100.4,12.9,0.0204,55392.31553+1.43037*E,21 14 56.86,-55 52 18.1
predict_detail.php?STARNAME=WASP-18&PLANET=b&delka=38.8526&sirka=-77.3044,WASP-18,Phe,4:07,56°,NE,2456822.6716,14.06. 5:11,57°,N,2456822.7162,6:15,57°,N,2456822.7609,128.6,9.29,0.0108,54221.48163+0.94145299*E,01 37 24.95,-45 40 40.8
predict_detail.php?STARNAME=WASP-72&PLANET=b&delka=38.8526&sirka=-77.3044,WASP-72,For,5:36,42°,N,2456822.7338,14.06. 7:28,43°,N,2456822.8117,9:21,40°,NW,2456822.8896,224.35,10.88,0.0047,55583.6529+2.2167421*E,02 44 09.60,-30 10 08.5
predict_detail.php?STARNAME=WASP-45&PLANET=b&delka=38.8526&sirka=-77.3044,WASP-45,Scl,11:06,31°,W,2456822.9627,14.06. 11:59,28°,SW,2456823.0000,12:53,26°,SW,2456823.0373,107.4,12,0.0119,55441.26925+3.1260876*E,00 20 56.99,-35 59 53.8
predict_detail.php?STARNAME=WASP-55&PLANET=b&delka=38.8526&sirka=-77.3044,WASP-55,Vir,12:21,20°,E,2456823.0149,14.06. 14:07,25°,NE,2456823.0884,15:53,29°,NE,2456823.1619,211.68,11.8,0.0170,55737.9396+4.465633*E,13 35 01.94,-17 30 12.7
predict_detail.php?STARNAME=OGLE-TR-132&PLANET=b&delka=38.8526&sirka=-77.3044,OGLE-TR-132,Car,13:45,73°,NE,2456823.0730,14.06. 14:58,73°,N,2456823.1237,16:11,72°,NW,2456823.1744,146,15.72,0.0087,53142.5912+1.689868*E,10 50 34.72,-61 57 25.9
predict_detail.php?STARNAME=WASP-5&PLANET=b&delka=38.8526&sirka=-77.3044,WASP-5,Phe,14:27,29°,S,2456823.1022,14.06. 15:38,29°,S,2456823.1515,16:49,29°,S,2456823.2009,142.128,12.3,0.0137,54373.99598+1.6284279*E,23 57 23.74,-41 16 37.5
predict_detail.php?STARNAME=HATS-1&PLANET=b&delka=38.8526&sirka=-77.3044,HATS-1,Cra,15:52,36°,N,2456823.1616,14.06. 17:05,35°,NW,2456823.2119,18:17,32°,NW,2456823.2622,145,12.053,0.0162,55241.28722+3.446459*E,11 42 06.12,-23 21 17.4
predict_detail.php?STARNAME=WASP-99&PLANET=b&delka=38.8526&sirka=-77.3044,WASP-99,Hor,15:12,41°,SW,2456823.1339,14.06. 17:50,38°,S,2456823.2434,20:28,39°,SE,2456823.3529,315.36,28.8,0.0044,56224.9824+5.75251*E,02 39 35.44,-50 00 28.8
predict_detail.php?STARNAME=WASP-96&PLANET=b&delka=38.8526&sirka=-77.3044,WASP-96,Gru,18:04,36°,SE,2456823.2530,14.06. 19:17,38°,SE,2456823.3035,20:29,41°,SE,2456823.3541,145.58,12.2,0.0149,56258.0621+3.4252602*E + 2.7e-06*E,00 04 11.14,-47 21 38.2
predict_detail.php?STARNAME=OGLE-TR-56&PLANET=b&delka=38.8526&sirka=-77.3044,OGLE-TR-56,Sgr,19:51,40°,NE,2456823.3277,14.06. 20:45,41°,N,2456823.3652,21:40,42°,N,2456823.4028,108.2,16.6,0.0171,53936.598+1.211909*E,17 56 35.51,-29 32 21.2
predict_detail.php?STARNAME=WASP-63&PLANET=b&delka=38.8526&sirka=-77.3044,WASP-63,Col,22:16,25°,S,2456823.4280,15.06. 0:56,28°,SE,2456823.5392,3:36,35°,E,2456823.6505,320.4,11.2,0.0066,55921.6527+4.37809*E,06 17 20.74,-38 19 23.8
predict_detail.php?STARNAME=WASP-75&PLANET=b&delka=38.8526&sirka=-77.3044,WASP-75,Aqr,2:07,22°,N,2456823.5885,15.06. 3:06,22°,N,2456823.6296,4:05,22°,N,2456823.6707,118.37,11.45,0.0116,56016.2669+2.484193*E,22 49 32.57,-10 40 32.0 
predict_detail.php?STARNAME=WASP-18&PLANET=b&delka=38.8526&sirka=-77.3044,WASP-18,Phe,2:42,54°,NE,2456823.6130,15.06. 3:47,56°,NE,2456823.6577,4:51,57°,N,2456823.7023,128.6,9.29,0.0108,54221.48163+0.94145299*E,01 37 24.95,-45 40 40.8
predict_detail.php?STARNAME=WASP-97&PLANET=b&delka=38.8526&sirka=-77.3044,WASP-97,Tuc,3:59,66°,NE,2456823.6664,15.06. 5:17,67°,N,2456823.7202,6:34,67°,NW,2456823.7740,154.94,10.6,0.0128,56438.18683+2.07276*E,01 38 25.04,-55 46 19.4
predict_detail.php?STARNAME=OGLE-TR-113&PLANET=b&delka=38.8526&sirka=-77.3044,OGLE-TR-113,Car,5:35,51°,SE,2456823.7330,15.06. 6:31,53°,SE,2456823.7719,7:27,55°,SE,2456823.8108,112,14.42,0.0245,52325.79823+1.4324757*E,10 52 24,-61 26 48
predict_detail.php?STARNAME=WASP-66&PLANET=b&delka=38.8526&sirka=-77.3044,WASP-66,Ant,8:20,32°,E,2456823.8477,15.06. 10:35,40°,NE,2456823.9415,12:50,45°,NE,2456824.0353,270.14,11.6,0.0072,55929.09615+4.086052*E,10 32 54.00,-34 59 23.3
predict_detail.php?STARNAME=WASP-19&PLANET=b&delka=38.8526&sirka=-77.3044,WASP-19,Vel,10:08,51°,NE,2456823.9223,15.06. 10:54,53°,NE,2456823.9544,11:40,55°,NE,2456823.9865,92.4,12.3,0.0215,54775.3372+0.7888399*E,09 53 40.077,-45 39 33.06
predict_detail.php?STARNAME=WASP-7&PLANET=b&delka=38.8526&sirka=-77.3044,WASP-7,Mic,11:03,27°,S,2456823.9608,15.06. 12:50,27°,S,2456824.0351,14:37,28°,SE,2456824.1094,214,9.5,0.0108,53985.0149+4.95466*E,20 44 10.13,-39 13 29.7
predict_detail.php?STARNAME=WASP-46&PLANET=b&delka=38.8526&sirka=-77.3044,WASP-46,Ind,13:56,42°,S,2456824.0810,15.06. 14:46,43°,S,2456824.1159,15:37,44°,SE,2456824.1508,100.4,12.9,0.0204,55392.31553+1.43037*E,21 14 56.86,-55 52 18.1
predict_detail.php?STARNAME=WASP-31&PLANET=b&delka=38.8526&sirka=-77.3044,WASP-31,Crt,13:32,31°,NE,2456824.0639,15.06. 14:51,32°,N,2456824.1191,16:11,32°,N,2456824.1743,159,11.7,0.0167,55189.2828+3.405909*E,11 17 45.35,-19 03 17.3
predict_detail.php?STARNAME=OGLE-TR-L9&PLANET=b&delka=38.8526&sirka=-77.3044,OGLE-TR-L9,Car,16:18,73°,NW,2456824.1797,15.06. 17:32,70°,NW,2456824.2311,18:46,66°,W,2456824.2825,148,14,0.0119,54492.80008+2.48553417*E,11 07 55.29,-61 08 46.3
predict_detail.php?STARNAME=WASP-4&PLANET=b&delka=38.8526&sirka=-77.3044,WASP-4,Phe,16:52,31°,S,2456824.2033,15.06. 17:57,32°,SE,2456824.2484,19:02,35°,SE,2456824.2936,129.96,12.5,0.0194,54697.797562+1.33823214*E,23 34 15.06,-42 03 41.1
predict_detail.php?STARNAME=OGLE-TR-10&PLANET=b&delka=38.8526&sirka=-77.3044,OGLE-TR-10,Sgr,22:37,41°,N,2456824.4425,15.06. 23:57,39°,NW,2456824.4983,1:18,35°,NW,2456824.5542,160.8,14.93,0.0111,53890.678+3.10129*E,17 51 28,-29 52 34
predict_detail.php?STARNAME=OGLE-TR-56&PLANET=b&delka=38.8526&sirka=-77.3044,OGLE-TR-56,Sgr,0:56,37°,NW,2456824.5396,16.06. 1:51,34°,W,2456824.5771,2:45,31°,W,2456824.6147,108.2,16.6,0.0171,53936.598+1.211909*E,17 56 35.51,-29 32 21.2
predict_detail.php?STARNAME=WASP-18&PLANET=b&delka=38.8526&sirka=-77.3044,WASP-18,Phe,1:18,50°,E,2456824.5545,16.06. 2:22,53°,NE,2456824.5991,3:27,55°,NE,2456824.6438,128.6,9.29,0.0108,54221.48163+0.94145299*E,01 37 24.95,-45 40 40.8
predict_detail.php?STARNAME=WASP-23&PLANET=b&delka=38.8526&sirka=-77.3044,WASP-23,Pup,4:12,39°,E,2456824.6752,16.06. 5:24,43°,E,2456824.7251,6:36,47°,E,2456824.7750,143.7,12.68,0.0215,55320.12363+2.9444256*E,06 44 30.50,-42 45 41.2
predict_detail.php?STARNAME=WASP-19&PLANET=b&delka=38.8526&sirka=-77.3044,WASP-19,Vel,5:04,36°,SE,2456824.7112,16.06. 5:50,38°,SE,2456824.7433,6:36,40°,SE,2456824.7753,92.4,12.3,0.0215,54775.3372+0.7888399*E,09 53 40.077,-45 39 33.06
predict_detail.php?STARNAME=WASP-6&PLANET=b&delka=38.8526&sirka=-77.3044,WASP-6,Aqr,5:24,32°,NW,2456824.7253,16.06. 6:42,29°,NW,2456824.7796,8:00,25°,W,2456824.8340,156.4,11.9,0.0236,54596.43267+3.361006*E,23 12 37.75,-22 40 26.1
predict_detail.php?STARNAME=WASP-5&PLANET=b&delka=38.8526&sirka=-77.3044,WASP-5,Phe,5:32,52°,NW,2456824.7306,16.06. 6:43,50°,NW,2456824.7800,7:54,46°,W,2456824.8293,142.128,12.3,0.0137,54373.99598+1.6284279*E,23 57 23.74,-41 16 37.5
predict_detail.php?STARNAME=OGLE-TR-132&PLANET=b&delka=38.8526&sirka=-77.3044,OGLE-TR-132,Car,6:18,52°,SE,2456824.7629,16.06. 7:31,55°,SE,2456824.8136,8:44,59°,E,2456824.8643,146,15.72,0.0087,53142.5912+1.689868*E,10 50 34.72,-61 57 25.9
predict_detail.php?STARNAME=WASP-72&PLANET=b&delka=38.8526&sirka=-77.3044,WASP-72,For,10:48,35°,W,2456824.9506,16.06. 12:41,29°,W,2456825.0285,14:33,23°,SW,2456825.1064,224.35,10.88,0.0047,55583.6529+2.2167421*E,02 44 09.60,-30 10 08.5
predict_detail.php?STARNAME=WASP-8&PLANET=b&delka=38.8526&sirka=-77.3044,WASP-8,Scl,11:38,29°,SW,2456824.9848,16.06. 13:50,24°,SW,2456825.0766,16:02,23°,S,2456825.1685,264.4,9.79,0.0151,54679.33434+8.158716*E,23 59 36.07,-35 01 52.9
predict_detail.php?STARNAME=WASP-100&PLANET=b&delka=38.8526&sirka=-77.3044,WASP-100,Ret,12:55,66°,W,2456825.0382,16.06. 14:50,60°,SW,2456825.1182,16:45,55°,SW,2456825.1982,230.4,10.8,0.0082,56272.3395+2.849375*E,04 35 50.32,-64 01 37.3
predict_detail.php?STARNAME=OGLE-TR-182&PLANET=b&delka=38.8526&sirka=-77.3044,OGLE-TR-182,Car,13:42,73°,NE,2456825.0709,16.06. 15:42,74°,N,2456825.1542,17:42,69°,NW,2456825.2375,240,15.86,0.0121,54270.572+3.9791*E,11 09 18.84,-61 05 42.8
predict_detail.php?STARNAME=WASP-98&PLANET=b&delka=38.8526&sirka=-77.3044,WASP-98,Eri,15:35,27°,SW,2456825.1498,16.06. 16:32,25°,SW,2456825.1895,17:30,23°,SW,2456825.2293,114.48,13,0.0276,56333.3913+2.96264*E,03 53 42.9,-34 19 41.7
predict_detail.php?STARNAME=OGLE-TR-113&PLANET=b&delka=38.8526&sirka=-77.3044,OGLE-TR-113,Car,15:58,72°,NW,2456825.1655,16.06. 16:54,70°,NW,2456825.2044,17:50,67°,W,2456825.2433,112,14.42,0.0245,52325.79823+1.4324757*E,10 52 24,-61 26 48
predict_detail.php?STARNAME=WASP-19&PLANET=b&delka=38.8526&sirka=-77.3044,WASP-19,Vel,0:00,33°,S,2456825.5000,17.06. 0:46,32°,S,2456825.5321,1:32,32°,S,2456825.5642,92.4,12.3,0.0215,54775.3372+0.7888399*E,09 53 40.077,-45 39 33.06
predict_detail.php?STARNAME=WASP-18&PLANET=b&delka=38.8526&sirka=-77.3044,WASP-18,Phe,23:54,45°,E,2456825.4959,17.06. 0:58,49°,E,2456825.5406,2:02,52°,NE,2456825.5853,128.6,9.29,0.0108,54221.48163+0.94145299*E,01 37 24.95,-45 40 40.8
predict_detail.php?STARNAME=WASP-46&PLANET=b&delka=38.8526&sirka=-77.3044,WASP-46,Ind,0:16,67°,N,2456825.5114,17.06. 1:06,67°,N,2456825.5463,1:56,67°,N,2456825.5811,100.4,12.9,0.0204,55392.31553+1.43037*E,21 14 56.86,-55 52 18.1
predict_detail.php?STARNAME=WASP-4&PLANET=b&delka=38.8526&sirka=-77.3044,WASP-4,Phe,0:59,52°,NE,2456825.5415,17.06. 2:04,54°,NE,2456825.5867,3:09,55°,N,2456825.6318,129.96,12.5,0.0194,54697.797562+1.33823214*E,23 34 15.06,-42 03 41.1
predict_detail.php?STARNAME=WASP-44&PLANET=b&delka=38.8526&sirka=-77.3044,WASP-44,Cet,2:13,22°,NE,2456825.5926,17.06. 3:20,23°,N,2456825.6394,4:28,23°,N,2456825.6862,134.8,12.9,0.0183,55434.376+2.4238039*E,00 15 36.76,-11 56 17.4
predict_detail.php?STARNAME=WASP-22&PLANET=b&delka=38.8526&sirka=-77.3044,WASP-22,Eri,2:36,27°,E,2456825.6086,17.06. 4:15,31°,NE,2456825.6771,5:53,34°,NE,2456825.7456,197.3,12,0.0108,54780.2496+3.53269*E,03 31 16.3,-23 49 10.0
predict_detail.php?STARNAME=WASP-97&PLANET=b&delka=38.8526&sirka=-77.3044,WASP-97,Tuc,5:44,67°,N,2456825.7392,17.06. 7:01,66°,NW,2456825.7930,8:19,63°,NW,2456825.8467,154.94,10.6,0.0128,56438.18683+2.07276*E,01 38 25.04,-55 46 19.4
predict_detail.php?STARNAME=WASP-62&PLANET=b&delka=38.8526&sirka=-77.3044,WASP-62,Dor,10:36,74°,NW,2456825.9422,17.06. 12:31,69°,W,2456826.0216,14:25,63°,W,2456826.1010,228.67,10.3,0.0133,55855.39195+4.411953*E,05 48 33.59,-63 59 18.3
predict_detail.php?STARNAME=OGLE-TR-211&PLANET=b&delka=38.8526&sirka=-77.3044,OGLE-TR-211,Car,11:45,70°,NE,2456825.9899,17.06. 13:36,74°,N,2456826.0670,15:27,74°,NW,2456826.1441,222,14.3,0.0084,53406.271+3.6772*E,10 40 14.51,-62 27 19.8
predict_detail.php?STARNAME=WASP-25&PLANET=b&delka=38.8526&sirka=-77.3044,WASP-25,Hya,13:09,34°,NE,2456826.0481,17.06. 14:33,38°,NE,2456826.1066,15:57,39°,N,2456826.1651,168.5,11.88,0.0204,55259.93733+3.76483*E,13 01 26.46,-27 31 18.9
predict_detail.php?STARNAME=WASP-45&PLANET=b&delka=38.8526&sirka=-77.3044,WASP-45,Scl,14:07,23°,SW,2456826.0888,17.06. 15:01,22°,S,2456826.1261,15:55,22°,S,2456826.1633,107.4,12,0.0119,55441.26925+3.1260876*E,00 20 56.99,-35 59 53.8
predict_detail.php?STARNAME=WASP-19&PLANET=b&delka=38.8526&sirka=-77.3044,WASP-19,Vel,18:55,45°,W,2456826.2889,17.06. 19:42,43°,W,2456826.3209,20:28,40°,SW,2456826.3530,92.4,12.3,0.0215,54775.3372+0.7888399*E,09 53 40.077,-45 39 33.06
predict_detail.php?STARNAME=WASP-5&PLANET=b&delka=38.8526&sirka=-77.3044,WASP-5,Phe,20:37,37°,SE,2456826.3590,17.06. 21:48,41°,E,2456826.4084,22:59,45°,E,2456826.4577,142.128,12.3,0.0137,54373.99598+1.6284279*E,23 57 23.74,-41 16 37.5
predict_detail.php?STARNAME=WASP-18&PLANET=b&delka=38.8526&sirka=-77.3044,WASP-18,Phe,22:29,41°,E,2456826.4374,17.06. 23:34,45°,E,2456826.4821,0:38,48°,E,2456826.5267,128.6,9.29,0.0108,54221.48163+0.94145299*E,01 37 24.95,-45 40 40.8
predict_detail.php?STARNAME=OGLE-TR-132&PLANET=b&delka=38.8526&sirka=-77.3044,OGLE-TR-132,Car,22:51,52°,SW,2456826.4527,18.06. 0:04,50°,SW,2456826.5034,1:17,48°,S,2456826.5541,146,15.72,0.0087,53142.5912+1.689868*E,10 50 34.72,-61 57 25.9
predict_detail.php?STARNAME=LUPUS-TR3&PLANET=b&delka=38.8526&sirka=-77.3044,LUPUS-TR3,Lup,23:33,45°,W,2456826.4813,18.06. 0:48,42°,W,2456826.5333,2:03,38°,SW,2456826.5854,150,17,0.0148,53887.0818+3.91405*E,15 30 18.7,-42 58 41.5
predict_detail.php?STARNAME=WASP-29&PLANET=b&delka=38.8526&sirka=-77.3044,WASP-29,Phe,0:15,46°,NE,2456826.5109,18.06. 1:34,49°,NE,2456826.5654,2:52,51°,N,2456826.6199,157,11.3,0.0108,54249.3305+3.922732*E,23 51 31.08,-39 54 24.2
predict_detail.php?STARNAME=WASP-17&PLANET=b&delka=38.8526&sirka=-77.3044,WASP-17,Sco,23:56,30°,W,2456826.4976,18.06. 2:07,23°,SW,2456826.5888,4:19,18°,SW,2456826.6801,262.8,11.6,0.0194,54559.181+3.735433*E,15  59  50.88,-28 03 41.4
predict_detail.php?STARNAME=OGLE-TR-113&PLANET=b&delka=38.8526&sirka=-77.3044,OGLE-TR-113,Car,2:21,48°,S,2456826.5980,18.06. 3:17,49°,S,2456826.6369,4:13,49°,S,2456826.6758,112,14.42,0.0245,52325.79823+1.4324757*E,10 52 24,-61 26 48
predict_detail.php?STARNAME=OGLE-TR-111&PLANET=b&delka=38.8526&sirka=-77.3044,OGLE-TR-111,Car,2:06,48°,S,2456826.5882,18.06. 3:29,49°,S,2456826.6453,4:51,50°,SE,2456826.7025,164.6,15.55,0.0173,53799.7516+4.0144479*E,10 53 17.91,-61 24 20.3
predict_detail.php?STARNAME=OGLE-TR-L9&PLANET=b&delka=38.8526&sirka=-77.3044,OGLE-TR-L9,Car,3:58,49°,S,2456826.6653,18.06. 5:12,50°,SE,2456826.7167,6:25,53°,SE,2456826.7681,148,14,0.0119,54492.80008+2.48553417*E,11 07 55.29,-61 08 46.3
predict_detail.php?STARNAME=WASP-96&PLANET=b&delka=38.8526&sirka=-77.3044,WASP-96,Gru,4:17,60°,N,2456826.6791,18.06. 5:30,58°,NW,2456826.7297,6:43,55°,NW,2456826.7802,145.58,12.2,0.0149,56258.0621+3.4252602*E + 2.7e-06*E,00 04 11.14,-47 21 38.2
predict_detail.php?STARNAME=WASP-46&PLANET=b&delka=38.8526&sirka=-77.3044,WASP-46,Ind,10:36,44°,SW,2456826.9418,18.06. 11:26,43°,S,2456826.9766,12:16,42°,S,2456827.0115,100.4,12.9,0.0204,55392.31553+1.43037*E,21 14 56.86,-55 52 18.1
predict_detail.php?STARNAME=WASP-79&PLANET=b&delka=38.8526&sirka=-77.3044,WASP-79,Eri,11:45,37°,NW,2456826.9902,18.06. 13:38,30°,W,2456827.0684,15:31,24°,SW,2456827.1465,225.07,10.1,0.0124,55545.23479+3.6623817*E,04 25 29.01,-30 26 01.5
predict_detail.php?STARNAME=WASP-64&PLANET=b&delka=38.8526&sirka=-77.3044,WASP-64,CMa,12:36,42°,NW,2456827.0255,18.06. 13:48,39°,NW,2456827.0755,15:00,35°,W,2456827.1255,143.99,12.29,0.0164,55582.60169+1.5732918*E,06 44 27.61,-32 51 30.25
predict_detail.php?STARNAME=WASP-18&PLANET=b&delka=38.8526&sirka=-77.3044,WASP-18,Phe,21:05,37°,SE,2456827.3789,18.06. 22:09,40°,SE,2456827.4235,23:14,44°,E,2456827.4682,128.6,9.29,0.0108,54221.48163+0.94145299*E,01 37 24.95,-45 40 40.8
predict_detail.php?STARNAME=OGLE-TR-10&PLANET=b&delka=38.8526&sirka=-77.3044,OGLE-TR-10,Sgr,1:03,36°,NW,2456827.5438,19.06. 2:23,31°,W,2456827.5996,3:43,27°,W,2456827.6555,160.8,14.93,0.0111,53890.678+3.10129*E,17 51 28,-29 52 34
predict_detail.php?STARNAME=WASP-23&PLANET=b&delka=38.8526&sirka=-77.3044,WASP-23,Pup,2:52,36°,SE,2456827.6196,19.06. 4:04,40°,E,2456827.6695,5:15,44°,E,2456827.7194,143.7,12.68,0.0215,55320.12363+2.9444256*E,06 44 30.50,-42 45 41.2
predict_detail.php?STARNAME=WASP-100&PLANET=b&delka=38.8526&sirka=-77.3044,WASP-100,Ret,9:18,76°,NW,2456827.8876,19.06. 11:13,71°,W,2456827.9676,13:08,65°,W,2456828.0476,230.4,10.8,0.0082,56272.3395+2.849375*E,04 35 50.32,-64 01 37.3
predict_detail.php?STARNAME=WASP-34&PLANET=b&delka=38.8526&sirka=-77.3044,WASP-34,Crt,10:29,28°,NE,2456827.9373,19.06. 11:32,31°,NE,2456827.9811,12:35,34°,NE,2456828.0249,126.14,10.4,0.0119,54647.55358+4.3176782*E,11 01 35.89,-23 51 38.4
predict_detail.php?STARNAME=WASP-66&PLANET=b&delka=38.8526&sirka=-77.3044,WASP-66,Ant,10:24,40°,NE,2456827.9338,19.06. 12:39,45°,NE,2456828.0276,14:54,46°,N,2456828.1214,270.14,11.6,0.0072,55929.09615+4.086052*E,10 32 54.00,-34 59 23.3
predict_detail.php?STARNAME=WASP-5&PLANET=b&delka=38.8526&sirka=-77.3044,WASP-5,Phe,11:41,34°,SW,2456827.9875,19.06. 12:53,31°,SW,2456828.0368,14:04,29°,S,2456828.0862,142.128,12.3,0.0137,54373.99598+1.6284279*E,23 57 23.74,-41 16 37.5
predict_detail.php?STARNAME=WASP-101&PLANET=b&delka=38.8526&sirka=-77.3044,WASP-101,CMa,11:53,34°,NW,2456827.9955,19.06. 13:14,31°,NW,2456828.0520,14:36,27°,W,2456828.1085,162.72,10.3,0.0136,56164.6934+3.585722*E,06 33 24.26,-23 29 10.2
predict_detail.php?STARNAME=OGLE-TR-113&PLANET=b&delka=38.8526&sirka=-77.3044,OGLE-TR-113,Car,12:43,72°,NE,2456828.0305,19.06. 13:39,73°,N,2456828.0694,14:35,74°,N,2456828.1082,112,14.42,0.0245,52325.79823+1.4324757*E,10 52 24,-61 26 48
predict_detail.php?STARNAME=WASP-98&PLANET=b&delka=38.8526&sirka=-77.3044,WASP-98,Eri,14:41,29°,SW,2456828.1124,19.06. 15:39,27°,SW,2456828.1522,16:36,24°,SW,2456828.1919,114.48,13,0.0276,56333.3913+2.96264*E,03 53 42.9,-34 19 41.7
predict_detail.php?STARNAME=OGLE-TR-132&PLANET=b&delka=38.8526&sirka=-77.3044,OGLE-TR-132,Car,15:25,72°,NW,2456828.1426,19.06. 16:38,70°,NW,2456828.1933,17:51,66°,W,2456828.2440,146,15.72,0.0087,53142.5912+1.689868*E,10 50 34.72,-61 57 25.9
predict_detail.php?STARNAME=OGLE-TR-56&PLANET=b&delka=38.8526&sirka=-77.3044,OGLE-TR-56,Sgr,16:12,31°,E,2456828.1753,19.06. 17:06,34°,E,2456828.2129,18:00,36°,NE,2456828.2504,108.2,16.6,0.0171,53936.598+1.211909*E,17 56 35.51,-29 32 21.2
predict_detail.php?STARNAME=WASP-4&PLANET=b&delka=38.8526&sirka=-77.3044,WASP-4,Phe,17:13,31°,SE,2456828.2180,19.06. 18:18,33°,SE,2456828.2631,19:23,36°,SE,2456828.3083,129.96,12.5,0.0194,54697.797562+1.33823214*E,23 34 15.06,-42 03 41.1
predict_detail.php?STARNAME=WASP-18&PLANET=b&delka=38.8526&sirka=-77.3044,WASP-18,Phe,19:41,34°,SE,2456828.3203,19.06. 20:45,37°,SE,2456828.3650,21:49,40°,SE,2456828.4096,128.6,9.29,0.0108,54221.48163+0.94145299*E,01 37 24.95,-45 40 40.8
predict_detail.php?STARNAME=WASP-46&PLANET=b&delka=38.8526&sirka=-77.3044,WASP-46,Ind,20:55,60°,E,2456828.3721,19.06. 21:46,62°,NE,2456828.4070,22:36,65°,NE,2456828.4419,100.4,12.9,0.0204,55392.31553+1.43037*E,21 14 56.86,-55 52 18.1
predict_detail.php?STARNAME=WASP-15&PLANET=b&delka=38.8526&sirka=-77.3044,WASP-15,Cen,20:32,40°,NW,2456828.3561,19.06. 22:24,35°,W,2456828.4335,0:15,29°,W,2456828.5109,222.9,11,0.0108,54584.69823+3.7520656*E,13 55 42.71,-32 09 34.6
predict_detail.php?STARNAME=WASP-78&PLANET=b&delka=38.8526&sirka=-77.3044,WASP-78,Eri,23:06,14°,SE,2456828.4628,20.06. 1:27,21°,E,2456828.5605,3:47,28°,NE,2456828.6582,281.32,12,0.0068,55882.35878+2.17517632*E,04 15 01.50,-22 06 59.0
predict_detail.php?STARNAME=WASP-75&PLANET=b&delka=38.8526&sirka=-77.3044,WASP-75,Aqr,1:21,22°,N,2456828.5569,20.06. 2:21,23°,N,2456828.5980,3:20,22°,N,2456828.6391,118.37,11.45,0.0116,56016.2669+2.484193*E,22 49 32.57,-10 40 32.0 
predict_detail.php?STARNAME=WASP-64&PLANET=b&delka=38.8526&sirka=-77.3044,WASP-64,CMa,2:22,25°,SE,2456828.5988,20.06. 3:34,29°,E,2456828.6488,4:46,32°,E,2456828.6988,143.99,12.29,0.0164,55582.60169+1.5732918*E,06 44 27.61,-32 51 30.25
predict_detail.php?STARNAME=WASP-19&PLANET=b&delka=38.8526&sirka=-77.3044,WASP-19,Vel,3:43,34°,SE,2456828.6554,20.06. 4:29,35°,SE,2456828.6875,5:16,37°,SE,2456828.7195,92.4,12.3,0.0215,54775.3372+0.7888399*E,09 53 40.077,-45 39 33.06
predict_detail.php?STARNAME=WASP-7&PLANET=b&delka=38.8526&sirka=-77.3044,WASP-7,Mic,9:58,28°,SW,2456828.9154,20.06. 11:45,27°,S,2456828.9897,13:32,27°,S,2456829.0640,214,9.5,0.0108,53985.0149+4.95466*E,20 44 10.13,-39 13 29.7
predict_detail.php?STARNAME=WASP-99&PLANET=b&delka=38.8526&sirka=-77.3044,WASP-99,Hor,9:16,58°,NW,2456828.8865,20.06. 11:54,50°,W,2456828.9959,14:31,42°,SW,2456829.1054,315.36,28.8,0.0044,56224.9824+5.75251*E,02 39 35.44,-50 00 28.8
predict_detail.php?STARNAME=OGLE-TR-182&PLANET=b&delka=38.8526&sirka=-77.3044,OGLE-TR-182,Car,13:11,73°,NE,2456829.0500,20.06. 15:11,74°,N,2456829.1333,17:11,70°,NW,2456829.2166,240,15.86,0.0121,54270.572+3.9791*E,11 09 18.84,-61 05 42.8
predict_detail.php?STARNAME=OGLE-TR-L9&PLANET=b&delka=38.8526&sirka=-77.3044,OGLE-TR-L9,Car,15:37,73°,NW,2456829.1508,20.06. 16:51,71°,NW,2456829.2022,18:05,67°,W,2456829.2536,148,14,0.0119,54492.80008+2.48553417*E,11 07 55.29,-61 08 46.3
predict_detail.php?STARNAME=WASP-45&PLANET=b&delka=38.8526&sirka=-77.3044,WASP-45,Scl,17:09,23°,S,2456829.2149,20.06. 18:03,24°,SE,2456829.2521,18:56,25°,SE,2456829.2894,107.4,12,0.0119,55441.26925+3.1260876*E,00 20 56.99,-35 59 53.8
predict_detail.php?STARNAME=WASP-18&PLANET=b&delka=38.8526&sirka=-77.3044,WASP-18,Phe,18:16,33°,S,2456829.2618,20.06. 19:21,34°,SE,2456829.3064,20:25,36°,SE,2456829.3511,128.6,9.29,0.0108,54221.48163+0.94145299*E,01 37 24.95,-45 40 40.8
predict_detail.php?STARNAME=OGLE-TR-56&PLANET=b&delka=38.8526&sirka=-77.3044,OGLE-TR-56,Sgr,21:17,42°,N,2456829.3872,20.06. 22:11,41°,N,2456829.4248,23:05,40°,NW,2456829.4624,108.2,16.6,0.0171,53936.598+1.211909*E,17 56 35.51,-29 32 21.2
predict_detail.php?STARNAME=WASP-72&PLANET=b&delka=38.8526&sirka=-77.3044,WASP-72,For,21:13,21°,SE,2456829.3841,20.06. 23:05,26°,E,2456829.4620,0:57,32°,E,2456829.5399,224.35,10.88,0.0047,55583.6529+2.2167421*E,02 44 09.60,-30 10 08.5
predict_detail.php?STARNAME=WASP-19&PLANET=b&delka=38.8526&sirka=-77.3044,WASP-19,Vel,22:39,35°,SW,2456829.4442,20.06. 23:25,33°,SW,2456829.4763,0:12,33°,S,2456829.5084,92.4,12.3,0.0215,54775.3372+0.7888399*E,09 53 40.077,-45 39 33.06
predict_detail.php?STARNAME=OGLE-TR-113&PLANET=b&delka=38.8526&sirka=-77.3044,OGLE-TR-113,Car,23:06,51°,SW,2456829.4629,21.06. 0:02,50°,SW,2456829.5018,0:58,49°,S,2456829.5407,112,14.42,0.0245,52325.79823+1.4324757*E,10 52 24,-61 26 48
predict_detail.php?STARNAME=WASP-47&PLANET=b&delka=38.8526&sirka=-77.3044,WASP-47,Aqr,23:25,23°,NE,2456829.4759,21.06. 1:12,25°,N,2456829.5506,3:00,24°,SW,2456829.6253,215.04,11.9,0.0114,55764.34602+4.591399*E,22 04 48.72,-12 01 07.8
predict_detail.php?STARNAME=WASP-4&PLANET=b&delka=38.8526&sirka=-77.3044,WASP-4,Phe,1:20,54°,NE,2456829.5562,21.06. 2:25,55°,N,2456829.6014,3:30,55°,N,2456829.6465,129.96,12.5,0.0194,54697.797562+1.33823214*E,23 34 15.06,-42 03 41.1
predict_detail.php?STARNAME=WASP-5&PLANET=b&delka=38.8526&sirka=-77.3044,WASP-5,Phe,2:46,54°,N,2456829.6159,21.06. 3:57,54°,N,2456829.6653,5:09,52°,NW,2456829.7146,142.128,12.3,0.0137,54373.99598+1.6284279*E,23 57 23.74,-41 16 37.5
predict_detail.php?STARNAME=OGLE-TR-211&PLANET=b&delka=38.8526&sirka=-77.3044,OGLE-TR-211,Car,4:00,50°,S,2456829.6671,21.06. 5:51,54°,SE,2456829.7442,7:42,58°,SE,2456829.8213,222,14.3,0.0084,53406.271+3.6772*E,10 40 14.51,-62 27 19.8
predict_detail.php?STARNAME=WASP-46&PLANET=b&delka=38.8526&sirka=-77.3044,WASP-46,Ind,7:15,51°,SW,2456829.8025,21.06. 8:05,49°,SW,2456829.8374,8:56,46°,SW,2456829.8722,100.4,12.9,0.0204,55392.31553+1.43037*E,21 14 56.86,-55 52 18.1
predict_detail.php?STARNAME=WASP-97&PLANET=b&delka=38.8526&sirka=-77.3044,WASP-97,Tuc,9:13,59°,W,2456829.8847,21.06. 10:31,55°,W,2456829.9385,11:48,51°,SW,2456829.9923,154.94,10.6,0.0128,56438.18683+2.07276*E,01 38 25.04,-55 46 19.4
predict_detail.php?STARNAME=WASP-41&PLANET=b&delka=38.8526&sirka=-77.3044,WASP-41,Cen,10:11,29°,E,2456829.9244,21.06. 11:28,33°,E,2456829.9779,12:45,37°,NE,2456830.0314,154.08,11.6,0.0215,55343.462+3.052394*E,12 42 28.49,-30 38 22.8
predict_detail.php?STARNAME=HATS-1&PLANET=b&delka=38.8526&sirka=-77.3044,HATS-1,Cra,13:18,34°,NE,2456830.0545,21.06. 14:30,36°,N,2456830.1048,15:43,36°,N,2456830.1552,145,12.053,0.0162,55241.28722+3.446459*E,11 42 06.12,-23 21 17.4
predict_detail.php?STARNAME=WASP-96&PLANET=b&delka=38.8526&sirka=-77.3044,WASP-96,Gru,14:31,35°,S,2456830.1053,21.06. 15:44,34°,S,2456830.1559,16:57,35°,S,2456830.2064,145.58,12.2,0.0149,56258.0621+3.4252602*E + 2.7e-06*E,00 04 11.14,-47 21 38.2
predict_detail.php?STARNAME=WASP-64&PLANET=b&delka=38.8526&sirka=-77.3044,WASP-64,CMa,16:07,31°,W,2456830.1721,21.06. 17:19,27°,SW,2456830.2221,18:31,24°,SW,2456830.2721,143.99,12.29,0.0164,55582.60169+1.5732918*E,06 44 27.61,-32 51 30.25
predict_detail.php?STARNAME=WASP-18&PLANET=b&delka=38.8526&sirka=-77.3044,WASP-18,Phe,16:52,32°,S,2456830.2032,21.06. 17:56,32°,S,2456830.2479,19:01,34°,SE,2456830.2925,128.6,9.29,0.0108,54221.48163+0.94145299*E,01 37 24.95,-45 40 40.8
predict_detail.php?STARNAME=WASP-19&PLANET=b&delka=38.8526&sirka=-77.3044,WASP-19,Vel,17:35,49°,W,2456830.2331,21.06. 18:21,46°,W,2456830.2651,19:07,44°,W,2456830.2972,92.4,12.3,0.0215,54775.3372+0.7888399*E,09 53 40.077,-45 39 33.06
predict_detail.php?STARNAME=WASP-67&PLANET=b&delka=38.8526&sirka=-77.3044,WASP-67,Sgr,18:40,23°,E,2456830.2783,21.06. 19:37,26°,NE,2456830.3178,20:34,28°,NE,2456830.3573,113.76,12.5,0.0195,55824.3742+4.61442*E,19 42 58.51,-19 56 58.4
predict_detail.php?STARNAME=WASP-17&PLANET=b&delka=38.8526&sirka=-77.3044,WASP-17,Sco,17:35,41°,N,2456830.2330,21.06. 19:46,40°,NW,2456830.3243,21:58,35°,NW,2456830.4155,262.8,11.6,0.0194,54559.181+3.735433*E,15  59  50.88,-28 03 41.4
predict_detail.php?STARNAME=WASP-62&PLANET=b&delka=38.8526&sirka=-77.3044,WASP-62,Dor,20:29,50°,S,2456830.3542,21.06. 22:24,50°,S,2456830.4336,0:18,53°,SE,2456830.5130,228.67,10.3,0.0133,55855.39195+4.411953*E,05 48 33.59,-63 59 18.3
predict_detail.php?STARNAME=LUPUS-TR3&PLANET=b&delka=38.8526&sirka=-77.3044,LUPUS-TR3,Lup,21:29,51°,NW,2456830.3953,21.06. 22:44,47°,W,2456830.4474,23:59,43°,W,2456830.4995,150,17,0.0148,53887.0818+3.91405*E,15 30 18.7,-42 58 41.5
predict_detail.php?STARNAME=WASP-29&PLANET=b&delka=38.8526&sirka=-77.3044,WASP-29,Phe,22:24,41°,E,2456830.4336,21.06. 23:42,46°,NE,2456830.4882,1:01,49°,NE,2456830.5427,157,11.3,0.0108,54249.3305+3.922732*E,23 51 31.08,-39 54 24.2
predict_detail.php?STARNAME=WASP-23&PLANET=b&delka=38.8526&sirka=-77.3044,WASP-23,Pup,1:32,33°,SE,2456830.5641,22.06. 2:44,36°,SE,2456830.6140,3:55,40°,E,2456830.6639,143.7,12.68,0.0215,55320.12363+2.9444256*E,06 44 30.50,-42 45 41.2
predict_detail.php?STARNAME=OGLE-TR-56&PLANET=b&delka=38.8526&sirka=-77.3044,OGLE-TR-56,Sgr,2:22,31°,W,2456830.5991,22.06. 3:16,28°,W,2456830.6367,4:10,26°,W,2456830.6743,108.2,16.6,0.0171,53936.598+1.211909*E,17 56 35.51,-29 32 21.2
predict_detail.php?STARNAME=OGLE-TR-111&PLANET=b&delka=38.8526&sirka=-77.3044,OGLE-TR-111,Car,2:27,48°,S,2456830.6026,22.06. 3:50,49°,S,2456830.6598,5:12,51°,SE,2456830.7169,164.6,15.55,0.0173,53799.7516+4.0144479*E,10 53 17.91,-61 24 20.3
predict_detail.php?STARNAME=OGLE-TR-10&PLANET=b&delka=38.8526&sirka=-77.3044,OGLE-TR-10,Sgr,3:28,27°,W,2456830.6451,22.06. 4:49,23°,SW,2456830.7009,6:09,20°,SW,2456830.7568,160.8,14.93,0.0111,53890.678+3.10129*E,17 51 28,-29 52 34
predict_detail.php?STARNAME=WASP-79&PLANET=b&delka=38.8526&sirka=-77.3044,WASP-79,Eri,3:39,35°,E,2456830.6526,22.06. 5:32,40°,NE,2456830.7308,7:24,43°,N,2456830.8089,225.07,10.1,0.0124,55545.23479+3.6623817*E,04 25 29.01,-30 26 01.5
predict_detail.php?STARNAME=WASP-78&PLANET=b&delka=38.8526&sirka=-77.3044,WASP-78,Eri,3:18,27°,E,2456830.6380,22.06. 5:39,33°,NE,2456830.7357,8:00,35°,N,2456830.8333,281.32,12,0.0068,55882.35878+2.17517632*E,04 15 01.50,-22 06 59.0
predict_detail.php?STARNAME=WASP-100&PLANET=b&delka=38.8526&sirka=-77.3044,WASP-100,Ret,5:41,73°,NE,2456830.7370,22.06. 7:36,77°,N,2456830.8170,9:31,75°,NW,2456830.8970,230.4,10.8,0.0082,56272.3395+2.849375*E,04 35 50.32,-64 01 37.3
predict_detail.php?STARNAME=WASP-31&PLANET=b&delka=38.8526&sirka=-77.3044,WASP-31,Crt,9:01,20°,E,2456830.8757,22.06. 10:20,24°,E,2456830.9309,11:40,28°,NE,2456830.9861,159,11.7,0.0167,55189.2828+3.405909*E,11 17 45.35,-19 03 17.3
predict_detail.php?STARNAME=OGLE-TR-113&PLANET=b&delka=38.8526&sirka=-77.3044,OGLE-TR-113,Car,9:29,63°,E,2456830.8954,22.06. 10:25,66°,E,2456830.9343,11:21,69°,NE,2456830.9732,112,14.42,0.0245,52325.79823+1.4324757*E,10 52 24,-61 26 48
predict_detail.php?STARNAME=WASP-4&PLANET=b&delka=38.8526&sirka=-77.3044,WASP-4,Phe,9:28,40°,W,2456830.8945,22.06. 10:33,36°,SW,2456830.9396,11:37,34°,SW,2456830.9847,129.96,12.5,0.0194,54697.797562+1.33823214*E,23 34 15.06,-42 03 41.1
predict_detail.php?STARNAME=WASP-98&PLANET=b&delka=38.8526&sirka=-77.3044,WASP-98,Eri,13:48,31°,W,2456831.0751,22.06. 14:45,28°,SW,2456831.1148,15:42,26°,SW,2456831.1546,114.48,13,0.0276,56333.3913+2.96264*E,03 53 42.9,-34 19 41.7
predict_detail.php?STARNAME=WASP-18&PLANET=b&delka=38.8526&sirka=-77.3044,WASP-18,Phe,15:28,33°,S,2456831.1447,22.06. 16:32,32°,S,2456831.1893,17:36,32°,S,2456831.2340,128.6,9.29,0.0108,54221.48163+0.94145299*E,01 37 24.95,-45 40 40.8
predict_detail.php?STARNAME=WASP-46&PLANET=b&delka=38.8526&sirka=-77.3044,WASP-46,Ind,17:35,50°,SE,2456831.2329,22.06. 18:25,52°,E,2456831.2677,19:15,55°,E,2456831.3026,100.4,12.9,0.0204,55392.31553+1.43037*E,21 14 56.86,-55 52 18.1
predict_detail.php?STARNAME=WASP-5&PLANET=b&delka=38.8526&sirka=-77.3044,WASP-5,Phe,17:51,31°,SE,2456831.2443,22.06. 19:02,34°,SE,2456831.2937,20:13,37°,SE,2456831.3430,142.128,12.3,0.0137,54373.99598+1.6284279*E,23 57 23.74,-41 16 37.5
predict_detail.php?STARNAME=WASP-6&PLANET=b&delka=38.8526&sirka=-77.3044,WASP-6,Aqr,22:44,28°,NE,2456831.4474,23.06. 0:02,32°,NE,2456831.5017,1:20,34°,N,2456831.5560,156.4,11.9,0.0236,54596.43267+3.361006*E,23 12 37.75,-22 40 26.1
predict_detail.php?STARNAME=OGLE-TR-132&PLANET=b&delka=38.8526&sirka=-77.3044,OGLE-TR-132,Car,0:32,49°,S,2456831.5223,23.06. 1:45,48°,S,2456831.5730,2:58,48°,S,2456831.6237,146,15.72,0.0087,53142.5912+1.689868*E,10 50 34.72,-61 57 25.9
predict_detail.php?STARNAME=WASP-101&PLANET=b&delka=38.8526&sirka=-77.3044,WASP-101,CMa,1:56,16°,SE,2456831.5812,23.06. 3:18,21°,E,2456831.6377,4:39,25°,E,2456831.6942,162.72,10.3,0.0136,56164.6934+3.585722*E,06 33 24.26,-23 29 10.2
predict_detail.php?STARNAME=WASP-72&PLANET=b&delka=38.8526&sirka=-77.3044,WASP-72,For,2:25,37°,NE,2456831.6008,23.06. 4:17,41°,NE,2456831.6787,6:09,43°,N,2456831.7566,224.35,10.88,0.0047,55583.6529+2.2167421*E,02 44 09.60,-30 10 08.5
predict_detail.php?STARNAME=OGLE-TR-L9&PLANET=b&delka=38.8526&sirka=-77.3044,OGLE-TR-L9,Car,3:16,49°,S,2456831.6363,23.06. 4:30,50°,S,2456831.6877,5:44,52°,SE,2456831.7391,148,14,0.0119,54492.80008+2.48553417*E,11 07 55.29,-61 08 46.3
predict_detail.php?STARNAME=WASP-64&PLANET=b&delka=38.8526&sirka=-77.3044,WASP-64,CMa,5:53,37°,E,2456831.7454,23.06. 7:05,40°,NE,2456831.7954,8:17,43°,NE,2456831.8454,143.99,12.29,0.0164,55582.60169+1.5732918*E,06 44 27.61,-32 51 30.25
predict_detail.php?STARNAME=WASP-19&PLANET=b&delka=38.8526&sirka=-77.3044,WASP-19,Vel,7:27,44°,E,2456831.8107,23.06. 8:13,47°,E,2456831.8428,8:59,49°,E,2456831.8749,92.4,12.3,0.0215,54775.3372+0.7888399*E,09 53 40.077,-45 39 33.06
predict_detail.php?STARNAME=WASP-97&PLANET=b&delka=38.8526&sirka=-77.3044,WASP-97,Tuc,10:58,53°,W,2456831.9574,23.06. 12:16,49°,SW,2456832.0112,13:33,46°,SW,2456832.0650,154.94,10.6,0.0128,56438.18683+2.07276*E,01 38 25.04,-55 46 19.4
predict_detail.php?STARNAME=WASP-36&PLANET=b&delka=38.8526&sirka=-77.3044,WASP-36,Hya,11:26,21°,N,2456831.9764,23.06. 12:20,21°,N,2456832.0142,13:14,20°,N,2456832.0521,108.95,12.7,0.0215,55569.83731+1.5373653*E,08 46 19.30,-08 01 36.7
predict_detail.php?STARNAME=WASP-55&PLANET=b&delka=38.8526&sirka=-77.3044,WASP-55,Vir,10:42,16°,E,2456831.9462,23.06. 12:28,22°,E,2456832.0197,14:14,27°,NE,2456832.0932,211.68,11.8,0.0170,55737.9396+4.465633*E,13 35 01.94,-17 30 12.7
